Workbook

Sheet Свод потребности
A1: Потребность на коэффициент плотности для ПМСП по регионам при действующем БКПН (приказ № 170), тыс. тенге в год
A3: Регион | B3: Прикреплённое население (РПН 01.08.2026) | C3: Расходы при Кплотн по приказу № 170 | D3: Расходы при Кплотн по приказу № 309 | E3: Потребность | F3: %
A4: Акмолинская область | B4: =SUMIFS(Моделирование!$E$8:$E$219,Моделирование!$B$8:$B$219,$A4) -> 773511 | C4: =SUMIFS(Моделирование!$H$8:$H$219,Моделирование!$B$8:$B$219,$A4) -> 20572959 | D4: =SUMIFS(Моделирование!$I$8:$I$219,Моделирование!$B$8:$B$219,$A4) -> 23398055 | E4: =D4-C4 -> 2825096.3 | F4: =IFERROR(E4/C4,0) -> 0.13732086
A5: Актюбинская область | B5: =SUMIFS(Моделирование!$E$8:$E$219,Моделирование!$B$8:$B$219,$A5) -> 937248 | C5: =SUMIFS(Моделирование!$H$8:$H$219,Моделирование!$B$8:$B$219,$A5) -> 24051106 | D5: =SUMIFS(Моделирование!$I$8:$I$219,Моделирование!$B$8:$B$219,$A5) -> 25660665 | E5: =D5-C5 -> 1609558.3 | F5: =IFERROR(E5/C5,0) -> 0.06692242
A6: Алматинская область | B6: =SUMIFS(Моделирование!$E$8:$E$219,Моделирование!$B$8:$B$219,$A6) -> 1649754 | C6: =SUMIFS(Моделирование!$H$8:$H$219,Моделирование!$B$8:$B$219,$A6) -> 36455978 | D6: =SUMIFS(Моделирование!$I$8:$I$219,Моделирование!$B$8:$B$219,$A6) -> 40040581 | E6: =D6-C6 -> 3584602.9 | F6: =IFERROR(E6/C6,0) -> 0.098326887
A7: Атырауская область | B7: =SUMIFS(Моделирование!$E$8:$E$219,Моделирование!$B$8:$B$219,$A7) -> 707248 | C7: =SUMIFS(Моделирование!$H$8:$H$219,Моделирование!$B$8:$B$219,$A7) -> 18598476 | D7: =SUMIFS(Моделирование!$I$8:$I$219,Моделирование!$B$8:$B$219,$A7) -> 19391677 | E7: =D7-C7 -> 793200.95 | F7: =IFERROR(E7/C7,0) -> 0.042648707
A8: Восточно-Казахстанская область | B8: =SUMIFS(Моделирование!$E$8:$E$219,Моделирование!$B$8:$B$219,$A8) -> 710040 | C8: =SUMIFS(Моделирование!$H$8:$H$219,Моделирование!$B$8:$B$219,$A8) -> 18834782 | D8: =SUMIFS(Моделирование!$I$8:$I$219,Моделирование!$B$8:$B$219,$A8) -> 21018818 | E8: =D8-C8 -> 2184036.4 | F8: =IFERROR(E8/C8,0) -> 0.11595762
A9: Жамбылская область | B9: =SUMIFS(Моделирование!$E$8:$E$219,Моделирование!$B$8:$B$219,$A9) -> 1174485 | C9: =SUMIFS(Моделирование!$H$8:$H$219,Моделирование!$B$8:$B$219,$A9) -> 27152447 | D9: =SUMIFS(Моделирование!$I$8:$I$219,Моделирование!$B$8:$B$219,$A9) -> 30991796 | E9: =D9-C9 -> 3839348.5 | F9: =IFERROR(E9/C9,0) -> 0.14139972
A10: Западно-Казахстанская область | B10: =SUMIFS(Моделирование!$E$8:$E$219,Моделирование!$B$8:$B$219,$A10) -> 687556 | C10: =SUMIFS(Моделирование!$H$8:$H$219,Моделирование!$B$8:$B$219,$A10) -> 20353644 | D10: =SUMIFS(Моделирование!$I$8:$I$219,Моделирование!$B$8:$B$219,$A10) -> 22014578 | E10: =D10-C10 -> 1660933.2 | F10: =IFERROR(E10/C10,0) -> 0.081603725
A11: Карагандинская область | B11: =SUMIFS(Моделирование!$E$8:$E$219,Моделирование!$B$8:$B$219,$A11) -> 1181097 | C11: =SUMIFS(Моделирование!$H$8:$H$219,Моделирование!$B$8:$B$219,$A11) -> 31037890 | D11: =SUMIFS(Моделирование!$I$8:$I$219,Моделирование!$B$8:$B$219,$A11) -> 32058110 | E11: =D11-C11 -> 1020219.5 | F11: =IFERROR(E11/C11,0) -> 0.03287013
A12: Костанайская область | B12: =SUMIFS(Моделирование!$E$8:$E$219,Моделирование!$B$8:$B$219,$A12) -> 776501 | C12: =SUMIFS(Моделирование!$H$8:$H$219,Моделирование!$B$8:$B$219,$A12) -> 21145752 | D12: =SUMIFS(Моделирование!$I$8:$I$219,Моделирование!$B$8:$B$219,$A12) -> 23020386 | E12: =D12-C12 -> 1874633.6 | F12: =IFERROR(E12/C12,0) -> 0.088652963
A13: Кызылординская область | B13: =SUMIFS(Моделирование!$E$8:$E$219,Моделирование!$B$8:$B$219,$A13) -> 821538 | C13: =SUMIFS(Моделирование!$H$8:$H$219,Моделирование!$B$8:$B$219,$A13) -> 23707476 | D13: =SUMIFS(Моделирование!$I$8:$I$219,Моделирование!$B$8:$B$219,$A13) -> 24984153 | E13: =D13-C13 -> 1276676.6 | F13: =IFERROR(E13/C13,0) -> 0.053851222
A14: Мангистауская область | B14: =SUMIFS(Моделирование!$E$8:$E$219,Моделирование!$B$8:$B$219,$A14) -> 831774 | C14: =SUMIFS(Моделирование!$H$8:$H$219,Моделирование!$B$8:$B$219,$A14) -> 21385307 | D14: =SUMIFS(Моделирование!$I$8:$I$219,Моделирование!$B$8:$B$219,$A14) -> 22075873 | E14: =D14-C14 -> 690566.62 | F14: =IFERROR(E14/C14,0) -> 0.032291639
A15: Павлодарская область | B15: =SUMIFS(Моделирование!$E$8:$E$219,Моделирование!$B$8:$B$219,$A15) -> 745936 | C15: =SUMIFS(Моделирование!$H$8:$H$219,Моделирование!$B$8:$B$219,$A15) -> 21347799 | D15: =SUMIFS(Моделирование!$I$8:$I$219,Моделирование!$B$8:$B$219,$A15) -> 21967559 | E15: =D15-C15 -> 619760.42 | F15: =IFERROR(E15/C15,0) -> 0.029031584
... A23: г. Шымкент | B23: =SUMIFS(Моделирование!$E$8:$E$219,Моделирование!$B$8:$B$219,$A23) -> 1295884 | C23: =SUMIFS(Моделирование!$H$8:$H$219,Моделирование!$B$8:$B$219,$A23) -> 26220969 | D23: =SUMIFS(Моделирование!$I$8:$I$219,Моделирование!$B$8:$B$219,$A23) -> 26220969 | E23: =D23-C23 -> 0 | F23: =IFERROR(E23/C23,0) -> 0
A24: Итого по РК | B24: =SUM(B4:B23) -> 20477854 | C24: =SUM(C4:C23) -> 4.9814672e+08 | D24: =SUM(D4:D23) -> 5.2960553e+08 | E24: =SUM(E4:E23) -> 31458813 | F24: =IFERROR(E24/C24,0) -> 0.063151702
A26: Источники: численность – ЦС «РПН» на 01.08.2026 (выгрузка с КАТО от 04.10.2026); КПН 1 686,17 тенге и Кплотн действующий – приказ № ҚР ДСМ-170/2020 (ред. 31.12.2025), прил. 8 и прил. 5 к тарифам ПМСП;
A27: Кплотн по приказу № 309 – лист «Расчет Кплотн» (РПН на 01.01.2026, площадь МСХ на 01.01.2026, КАТО 18.09.2026). Другие поправочные коэффициенты не применяются.
A28: БКПН – по приказу № 170: 1 686,17 тенге, для субъектов районного значения и села 7 регионов – по приложению 1 к тарифам (1 850,91–2 249,81 тенге), лист «БКПН (приказ 170)».

Sheet Моделирование по МО
A1: Потребность на коэффициент плотности в разрезе субъектов ПМСП при КПН 1 686,17 тенге, тыс. тенге в год
A2: Расходы = Ч (РПН на 01.08.2026) × 12 × БКПН × Кплотн района МО / 1000; БКПН – лист «БКПН (приказ 170)», число месяцев – лист «Моделирование»
A4: № | B4: Регион (РПН) | C4: Наименование субъекта ПМСП | D4: Код района | E4: Район / город | F4: Прикреплённое население (РПН на 01.08.2026), чел. | G4: Кплотн по приказу № 170 | H4: Кплотн по приказу № 309 | I4: Расходы при Кплотн по приказу № 170 | J4: Расходы при Кплотн по приказу № 309 | K4: Потребность | L4: % | M4: БКПН, тенге (приказ № 170)
C5: Итого по РК | F5: =SUM(F6:F692) -> 20477854 | G5: =SUMPRODUCT(F6:F692,G6:G692)/F5 -> 1.1793069 | H5: =SUMPRODUCT(F6:F692,H6:H692)/F5 -> 1.2517542 | I5: =SUM(I6:I692) -> 4.9814672e+08 | J5: =SUM(J6:J692) -> 5.2960553e+08 | K5: =SUM(K6:K692) -> 31458813 | L5: =IFERROR(K5/I5,0) -> 0.063151702
A6: 1 | B6: ='РПН 01.08 по МО'!B4 -> АБАЙ | C6: ='РПН 01.08 по МО'!C4 -> "Коммунальное госудаственное предприятие на праве хозяйственного ведения "Аксуатская районная больница" управления здравоохранения области Абай" | D6: ='РПН 01.08 по МО'!E4 -> 1034 | E6: ='РПН 01.08 по МО'!F4 -> район Ақсуат | F6: ='РПН 01.08 по МО'!D4 -> 16574 | G6: =INDEX('Расчет Кплотн'!$K:$K,MATCH(D6,'Расчет Кплотн'!$A:$A,0)) -> 2 | H6: =INDEX('Расчет Кплотн'!$J:$J,MATCH(D6,'Расчет Кплотн'!$A:$A,0)) -> 2 | I6: =F6*Моделирование!$F$3*M6*G6/1000 -> 760511.91 | J6: =F6*Моделирование!$F$3*M6*H6/1000 -> 760511.91 | K6: =J6-I6 -> 0 | L6: =IFERROR(K6/I6,0) -> 0 | M6: =IF(INDEX('Расчет Кплотн'!$D:$D,MATCH(D6,'Расчет Кплотн'!$A:$A,0))="район",IFERROR(VLOOKUP(INDEX('Расчет Кплотн'!$B:$B,MATCH(D6,'Расчет Кплотн'!$A:$A,0)),'БКПН (приказ 170)'!$A$4:$C$10,3,FALSE()),Моделирование!$F$2),Моделирование!$F$2) -> 1911.91
A7: 2 | B7: ='РПН 01.08 по МО'!B5 -> АБАЙ | C7: ='РПН 01.08 по МО'!C5 -> Учреждение "Семейная амбулатория "Азат" | D7: ='РПН 01.08 по МО'!E5 -> 1042 | E7: ='РПН 01.08 по МО'!F5 -> Жарминский район | F7: ='РПН 01.08 по МО'!D5 -> 3039 | G7: =INDEX('Расчет Кплотн'!$K:$K,MATCH(D7,'Расчет Кплотн'!$A:$A,0)) -> 2 | H7: =INDEX('Расчет Кплотн'!$J:$J,MATCH(D7,'Расчет Кплотн'!$A:$A,0)) -> 2 | I7: =F7*Моделирование!$F$3*M7*G7/1000 -> 139447.07 | J7: =F7*Моделирование!$F$3*M7*H7/1000 -> 139447.07 | K7: =J7-I7 -> 0 | L7: =IFERROR(K7/I7,0) -> 0 | M7: =IF(INDEX('Расчет Кплотн'!$D:$D,MATCH(D7,'Расчет Кплотн'!$A:$A,0))="район",IFERROR(VLOOKUP(INDEX('Расчет Кплотн'!$B:$B,MATCH(D7,'Расчет Кплотн'!$A:$A,0)),'БКПН (приказ 170)'!$A$4:$C$10,3,FALSE()),Моделирование!$F$2),Моделирование!$F$2) -> 1911.91
A8: 3 | B8: ='РПН 01.08 по МО'!B6 -> АБАЙ | C8: ='РПН 01.08 по МО'!C6 -> У-е "Сельская амбулатория "Гармония" | D8: ='РПН 01.08 по МО'!E6 -> 1041 | E8: ='РПН 01.08 по МО'!F6 -> район Жаңасемей | F8: ='РПН 01.08 по МО'!D6 -> 1781 | G8: =INDEX('Расчет Кплотн'!$K:$K,MATCH(D8,'Расчет Кплотн'!$A:$A,0)) -> 1 | H8: =INDEX('Расчет Кплотн'!$J:$J,MATCH(D8,'Расчет Кплотн'!$A:$A,0)) -> 2 | I8: =F8*Моделирование!$F$3*M8*G8/1000 -> 40861.341 | J8: =F8*Моделирование!$F$3*M8*H8/1000 -> 81722.681 | K8: =J8-I8 -> 40861.341 | L8: =IFERROR(K8/I8,0) -> 1 | M8: =IF(INDEX('Расчет Кплотн'!$D:$D,MATCH(D8,'Расчет Кплотн'!$A:$A,0))="район",IFERROR(VLOOKUP(INDEX('Расчет Кплотн'!$B:$B,MATCH(D8,'Расчет Кплотн'!$A:$A,0)),'БКПН (приказ 170)'!$A$4:$C$10,3,FALSE()),Моделирование!$F$2),Моделирование!$F$2) -> 1911.91
A9: 4 | B9: ='РПН 01.08 по МО'!B7 -> АБАЙ | C9: ='РПН 01.08 по МО'!C7 -> У-е "Поликлиника "Хаким" | D9: ='РПН 01.08 по МО'!E7 -> 1010 | E9: ='РПН 01.08 по МО'!F7 -> Семей | F9: ='РПН 01.08 по МО'!D7 -> 11648 | G9: =INDEX('Расчет Кплотн'!$K:$K,MATCH(D9,'Расчет Кплотн'!$A:$A,0)) -> 1 | H9: =INDEX('Расчет Кплотн'!$J:$J,MATCH(D9,'Расчет Кплотн'!$A:$A,0)) -> 1 | I9: =F9*Моделирование!$F$3*M9*G9/1000 -> 235686.1 | J9: =F9*Моделирование!$F$3*M9*H9/1000 -> 235686.1 | K9: =J9-I9 -> 0 | L9: =IFERROR(K9/I9,0) -> 0 | M9: =IF(INDEX('Расчет Кплотн'!$D:$D,MATCH(D9,'Расчет Кплотн'!$A:$A,0))="район",IFERROR(VLOOKUP(INDEX('Расчет Кплотн'!$B:$B,MATCH(D9,'Расчет Кплотн'!$A:$A,0)),'БКПН (приказ 170)'!$A$4:$C$10,3,FALSE()),Моделирование!$F$2),Моделирование!$F$2) -> 1686.17
A10: 5 | B10: ='РПН 01.08 по МО'!B8 -> АБАЙ | C10: ='РПН 01.08 по МО'!C8 -> У-е "Консультативно-диагностическая поликлиника № 3 города Семей" | D10: ='РПН 01.08 по МО'!E8 -> 1010 | E10: ='РПН 01.08 по МО'!F8 -> Семей | F10: ='РПН 01.08 по МО'!D8 -> 19155 | G10: =INDEX('Расчет Кплотн'!$K:$K,MATCH(D10,'Расчет Кплотн'!$A:$A,0)) -> 1 | H10: =INDEX('Расчет Кплотн'!$J:$J,MATCH(D10,'Расчет Кплотн'!$A:$A,0)) -> 1 | I10: =F10*Моделирование!$F$3*M10*G10/1000 -> 387583.04 | J10: =F10*Моделирование!$F$3*M10*H10/1000 -> 387583.04 | K10: =J10-I10 -> 0 | L10: =IFERROR(K10/I10,0) -> 0 | M10: =IF(INDEX('Расчет Кплотн'!$D:$D,MATCH(D10,'Расчет Кплотн'!$A:$A,0))="район",IFERROR(VLOOKUP(INDEX('Расчет Кплотн'!$B:$B,MATCH(D10,'Расчет Кплотн'!$A:$A,0)),'БКПН (приказ 170)'!$A$4:$C$10,3,FALSE()),Моделирование!$F$2),Моделирование!$F$2) -> 1686.17
A11: 6 | B11: ='РПН 01.08 по МО'!B9 -> АБАЙ | C11: ='РПН 01.08 по МО'!C9 -> ТОО "Семейская железнодорожная больница" | D11: ='РПН 01.08 по МО'!E9 -> 1010 | E11: ='РПН 01.08 по МО'!F9 -> Семей | F11: ='РПН 01.08 по МО'!D9 -> 35438 | G11: =INDEX('Расчет Кплотн'!$K:$K,MATCH(D11,'Расчет Кплотн'!$A:$A,0)) -> 1 | H11: =INDEX('Расчет Кплотн'!$J:$J,MATCH(D11,'Расчет Кплотн'!$A:$A,0)) -> 1 | I11: =F11*Моделирование!$F$3*M11*G11/1000 -> 717053.91 | J11: =F11*Моделирование!$F$3*M11*H11/1000 -> 717053.91 | K11: =J11-I11 -> 0 | L11: =IFERROR(K11/I11,0) -> 0 | M11: =IF(INDEX('Расчет Кплотн'!$D:$D,MATCH(D11,'Расчет Кплотн'!$A:$A,0))="район",IFERROR(VLOOKUP(INDEX('Расчет Кплотн'!$B:$B,MATCH(D11,'Расчет Кплотн'!$A:$A,0)),'БКПН (приказ 170)'!$A$4:$C$10,3,FALSE()),Моделирование!$F$2),Моделирование!$F$2) -> 1686.17
A12: 7 | B12: ='РПН 01.08 по МО'!B10 -> АБАЙ | C12: ='РПН 01.08 по МО'!C10 -> ТОО "Поликлиника №6 города Семей" | D12: ='РПН 01.08 по МО'!E10 -> 1010 | E12: ='РПН 01.08 по МО'!F10 -> Семей | F12: ='РПН 01.08 по МО'!D10 -> 38899 | G12: =INDEX('Расчет Кплотн'!$K:$K,MATCH(D12,'Расчет Кплотн'!$A:$A,0)) -> 1 | H12: =INDEX('Расчет Кплотн'!$J:$J,MATCH(D12,'Расчет Кплотн'!$A:$A,0)) -> 1 | I12: =F12*Моделирование!$F$3*M12*G12/1000 -> 787083.92 | J12: =F12*Моделирование!$F$3*M12*H12/1000 -> 787083.92 | K12: =J12-I12 -> 0 | L12: =IFERROR(K12/I12,0) -> 0 | M12: =IF(INDEX('Расчет Кплотн'!$D:$D,MATCH(D12,'Расчет Кплотн'!$A:$A,0))="район",IFERROR(VLOOKUP(INDEX('Расчет Кплотн'!$B:$B,MATCH(D12,'Расчет Кплотн'!$A:$A,0)),'БКПН (приказ 170)'!$A$4:$C$10,3,FALSE()),Моделирование!$F$2),Моделирование!$F$2) -> 1686.17
A13: 8 | B13: ='РПН 01.08 по МО'!B11 -> АБАЙ | C13: ='РПН 01.08 по МО'!C11 -> ТОО "Клиника iv plus" | D13: ='РПН 01.08 по МО'!E11 -> 1010 | E13: ='РПН 01.08 по МО'!F11 -> Семей | F13: ='РПН 01.08 по МО'!D11 -> 6865 | G13: =INDEX('Расчет Кплотн'!$K:$K,MATCH(D13,'Расчет Кплотн'!$A:$A,0)) -> 1 | H13: =INDEX('Расчет Кплотн'!$J:$J,MATCH(D13,'Расчет Кплотн'!$A:$A,0)) -> 1 | I13: =F13*Моделирование!$F$3*M13*G13/1000 -> 138906.68 | J13: =F13*Моделирование!$F$3*M13*H13/1000 -> 138906.68 | K13: =J13-I13 -> 0 | L13: =IFERROR(K13/I13,0) -> 0 | M13: =IF(INDEX('Расчет Кплотн'!$D:$D,MATCH(D13,'Расчет Кплотн'!$A:$A,0))="район",IFERROR(VLOOKUP(INDEX('Расчет Кплотн'!$B:$B,MATCH(D13,'Расчет Кплотн'!$A:$A,0)),'БКПН (приказ 170)'!$A$4:$C$10,3,FALSE()),Моделирование!$F$2),Моделирование!$F$2) -> 1686.17
A14: 9 | B14: ='РПН 01.08 по МО'!B12 -> АБАЙ | C14: ='РПН 01.08 по МО'!C12 -> ТОО "Қазығұл" | D14: ='РПН 01.08 по МО'!E12 -> 1036 | E14: ='РПН 01.08 по МО'!F12 -> Аягозский район | F14: ='РПН 01.08 по МО'!D12 -> 12762 | G14: =INDEX('Расчет Кплотн'!$K:$K,MATCH(D14,'Расчет Кплотн'!$A:$A,0)) -> 2 | H14: =INDEX('Расчет Кплотн'!$J:$J,MATCH(D14,'Расчет Кплотн'!$A:$A,0)) -> 2 | I14: =F14*Моделирование!$F$3*M14*G14/1000 -> 585595.09 | J14: =F14*Моделирование!$F$3*M14*H14/1000 -> 585595.09 | K14: =J14-I14 -> 0 | L14: =IFERROR(K14/I14,0) -> 0 | M14: =IF(INDEX('Расчет Кплотн'!$D:$D,MATCH(D14,'Расчет Кплотн'!$A:$A,0))="район",IFERROR(VLOOKUP(INDEX('Расчет Кплотн'!$B:$B,MATCH(D14,'Расчет Кплотн'!$A:$A,0)),'БКПН (приказ 170)'!$A$4:$C$10,3,FALSE()),Моделирование!$F$2),Моделирование!$F$2) -> 1911.91
A15: 10 | B15: ='РПН 01.08 по МО'!B13 -> АБАЙ | C15: ='РПН 01.08 по МО'!C13 -> ТОО "Жан-Ер" | D15: ='РПН 01.08 по МО'!E13 -> 1010 | E15: ='РПН 01.08 по МО'!F13 -> Семей | F15: ='РПН 01.08 по МО'!D13 -> 9299 | G15: =INDEX('Расчет Кплотн'!$K:$K,MATCH(D15,'Расчет Кплотн'!$A:$A,0)) -> 1 | H15: =INDEX('Расчет Кплотн'!$J:$J,MATCH(D15,'Расчет Кплотн'!$A:$A,0)) -> 1 | I15: =F15*Моделирование!$F$3*M15*G15/1000 -> 188156.34 | J15: =F15*Моделирование!$F$3*M15*H15/1000 -> 188156.34 | K15: =J15-I15 -> 0 | L15: =IFERROR(K15/I15,0) -> 0 | M15: =IF(INDEX('Расчет Кплотн'!$D:$D,MATCH(D15,'Расчет Кплотн'!$A:$A,0))="район",IFERROR(VLOOKUP(INDEX('Расчет Кплотн'!$B:$B,MATCH(D15,'Расчет Кплотн'!$A:$A,0)),'БКПН (приказ 170)'!$A$4:$C$10,3,FALSE()),Моделирование!$F$2),Моделирование!$F$2) -> 1686.17
A16: 11 | B16: ='РПН 01.08 по МО'!B14 -> АБАЙ | C16: ='РПН 01.08 по МО'!C14 -> МУ "Центральная смотровая поликлиника" | D16: ='РПН 01.08 по МО'!E14 -> 1010 | E16: ='РПН 01.08 по МО'!F14 -> Семей | F16: ='РПН 01.08 по МО'!D14 -> 17291 | G16: =INDEX('Расчет Кплотн'!$K:$K,MATCH(D16,'Расчет Кплотн'!$A:$A,0)) -> 1 | H16: =INDEX('Расчет Кплотн'!$J:$J,MATCH(D16,'Расчет Кплотн'!$A:$A,0)) -> 1 | I16: =F16*Моделирование!$F$3*M16*G16/1000 -> 349866.79 | J16: =F16*Моделирование!$F$3*M16*H16/1000 -> 349866.79 | K16: =J16-I16 -> 0 | L16: =IFERROR(K16/I16,0) -> 0 | M16: =IF(INDEX('Расчет Кплотн'!$D:$D,MATCH(D16,'Расчет Кплотн'!$A:$A,0))="район",IFERROR(VLOOKUP(INDEX('Расчет Кплотн'!$B:$B,MATCH(D16,'Расчет Кплотн'!$A:$A,0)),'БКПН (приказ 170)'!$A$4:$C$10,3,FALSE()),Моделирование!$F$2),Моделирование!$F$2) -> 1686.17
A17: 12 | B17: ='РПН 01.08 по МО'!B15 -> АБАЙ | C17: ='РПН 01.08 по МО'!C15 -> Медицинское учреждение "Поликлиника № 8 города Семей" | D17: ='РПН 01.08 по МО'!E15 -> 1010 | E17: ='РПН 01.08 по МО'!F15 -> Семей | F17: ='РПН 01.08 по МО'!D15 -> 9013 | G17: =INDEX('Расчет Кплотн'!$K:$K,MATCH(D17,'Расчет Кплотн'!$A:$A,0)) -> 1 | H17: =INDEX('Расчет Кплотн'!$J:$J,MATCH(D17,'Расчет Кплотн'!$A:$A,0)) -> 1 | I17: =F17*Моделирование!$F$3*M17*G17/1000 -> 182369.4 | J17: =F17*Моделирование!$F$3*M17*H17/1000 -> 182369.4 | K17: =J17-I17 -> 0 | L17: =IFERROR(K17/I17,0) -> 0 | M17: =IF(INDEX('Расчет Кплотн'!$D:$D,MATCH(D17,'Расчет Кплотн'!$A:$A,0))="район",IFERROR(VLOOKUP(INDEX('Расчет Кплотн'!$B:$B,MATCH(D17,'Расчет Кплотн'!$A:$A,0)),'БКПН (приказ 170)'!$A$4:$C$10,3,FALSE()),Моделирование!$F$2),Моделирование!$F$2) -> 1686.17
... A692: 687 | B692: ='РПН 01.08 по МО'!B690 -> ШЫМКЕНТ | C692: ='РПН 01.08 по МО'!C690 -> Частное учреждение "Семейно-врачебная амбулатория Интертич города Шымкент" | D692: ='РПН 01.08 по МО'!E690 -> 7900 | E692: ='РПН 01.08 по МО'!F690 -> г. Шымкент | F692: ='РПН 01.08 по МО'!D690 -> 3397 | G692: =INDEX('Расчет Кплотн'!$K:$K,MATCH(D692,'Расчет Кплотн'!$A:$A,0)) -> 1 | H692: =INDEX('Расчет Кплотн'!$J:$J,MATCH(D692,'Расчет Кплотн'!$A:$A,0)) -> 1 | I692: =F692*Моделирование!$F$3*M692*G692/1000 -> 68735.034 | J692: =F692*Моделирование!$F$3*M692*H692/1000 -> 68735.034 | K692: =J692-I692 -> 0 | L692: =IFERROR(K692/I692,0) -> 0 | M692: =IF(INDEX('Расчет Кплотн'!$D:$D,MATCH(D692,'Расчет Кплотн'!$A:$A,0))="район",IFERROR(VLOOKUP(INDEX('Расчет Кплотн'!$B:$B,MATCH(D692,'Расчет Кплотн'!$A:$A,0)),'БКПН (приказ 170)'!$A$4:$C$10,3,FALSE()),Моделирование!$F$2),Моделирование!$F$2) -> 1686.17
A694: Субъекты с ростом финансирования: | E694: =COUNTIF(K6:K692,">0.5") -> 182
A695: Субъекты без изменений: | E695: =COUNTIF(K6:K692,"<=0.5")-COUNTIF(K6:K692,"<-0.5") -> 505
A696: Субъекты со снижением: | E696: =COUNTIF(K6:K692,"<-0.5") -> 0

Sheet Моделирование
A1: Потребность на коэффициент плотности населения для ПМСП при действующем КПН (приказ № 170), тыс. тенге в год
A2: Действующий базовый КПН ПМСП, тенге на 1 прикреплённого в месяц | F2: 1686.17
A3: Количество месяцев | F3: 12
A4: Расходы = Ч (РПН на 01.08.2026) × 12 × БКПН × Кплотн / 1000; БКПН – по приказу № 170 с учётом приложения 1 (районное значение и село в 7 регионах); другие поправочные коэффициенты не применяются
A6: Код района | B6: Регион | C6: Район / город | D6: Тип территории | E6: Прикреплённое население (РПН на 01.08.2026), чел. | F6: Кплотн по приказу № 170 | G6: Кплотн по приказу № 309 | H6: Расходы при Кплотн по приказу № 170 | I6: Расходы при Кплотн по приказу № 309 | J6: Потребность | K6: % | L6: БКПН, тенге (приказ № 170)
C7: Итого по РК | E7: =SUM(E8:E219) -> 20477854 | F7: =SUMPRODUCT(E8:E219,F8:F219)/E7 -> 1.1793069 | G7: =SUMPRODUCT(E8:E219,G8:G219)/E7 -> 1.2517542 | H7: =SUM(H8:H219) -> 4.9814672e+08 | I7: =SUM(I8:I219) -> 5.2960553e+08 | J7: =SUM(J8:J219) -> 31458813 | K7: =IFERROR(J7/H7,0) -> 0.063151702
A8: 1010 | B8: область Абай | C8: ='Расчет Кплотн'!C8 -> Семей | D8: ='Расчет Кплотн'!D8 -> областной центр | E8: =SUMIFS('РПН 01.08 по МО'!$D:$D,'РПН 01.08 по МО'!$E:$E,A8) -> 362985 | F8: ='Расчет Кплотн'!K8 -> 1 | G8: ='Расчет Кплотн'!J8 -> 1 | H8: =E8*$F$3*L8*F8/1000 -> 7344653 | I8: =E8*$F$3*L8*G8/1000 -> 7344653 | J8: =I8-H8 -> 0 | K8: =IFERROR(J8/H8,0) -> 0 | L8: =IF(D8="район",IFERROR(VLOOKUP(B8,'БКПН (приказ 170)'!$A$4:$C$10,3,FALSE()),$F$2),$F$2) -> 1686.17
A9: 1018 | B9: область Абай | C9: ='Расчет Кплотн'!C9 -> Курчатов | D9: ='Расчет Кплотн'!D9 -> моногород / малый город | E9: =SUMIFS('РПН 01.08 по МО'!$D:$D,'РПН 01.08 по МО'!$E:$E,A9) -> 9897 | F9: ='Расчет Кплотн'!K9 -> 1.5 | G9: ='Расчет Кплотн'!J9 -> 1.5 | H9: =E9*$F$3*L9*F9/1000 -> 300384.44 | I9: =E9*$F$3*L9*G9/1000 -> 300384.44 | J9: =I9-H9 -> 0 | K9: =IFERROR(J9/H9,0) -> 0 | L9: =IF(D9="район",IFERROR(VLOOKUP(B9,'БКПН (приказ 170)'!$A$4:$C$10,3,FALSE()),$F$2),$F$2) -> 1686.17
A10: 1032 | B10: область Абай | C10: ='Расчет Кплотн'!C10 -> Абайский район | D10: ='Расчет Кплотн'!D10 -> район | E10: =SUMIFS('РПН 01.08 по МО'!$D:$D,'РПН 01.08 по МО'!$E:$E,A10) -> 10794 | F10: ='Расчет Кплотн'!K10 -> 2 | G10: ='Расчет Кплотн'!J10 -> 2 | H10: =E10*$F$3*L10*F10/1000 -> 495291.76 | I10: =E10*$F$3*L10*G10/1000 -> 495291.76 | J10: =I10-H10 -> 0 | K10: =IFERROR(J10/H10,0) -> 0 | L10: =IF(D10="район",IFERROR(VLOOKUP(B10,'БКПН (приказ 170)'!$A$4:$C$10,3,FALSE()),$F$2),$F$2) -> 1911.91
A11: 1034 | B11: область Абай | C11: ='Расчет Кплотн'!C11 -> район Ақсуат | D11: ='Расчет Кплотн'!D11 -> район | E11: =SUMIFS('РПН 01.08 по МО'!$D:$D,'РПН 01.08 по МО'!$E:$E,A11) -> 16574 | F11: ='Расчет Кплотн'!K11 -> 2 | G11: ='Расчет Кплотн'!J11 -> 2 | H11: =E11*$F$3*L11*F11/1000 -> 760511.91 | I11: =E11*$F$3*L11*G11/1000 -> 760511.91 | J11: =I11-H11 -> 0 | K11: =IFERROR(J11/H11,0) -> 0 | L11: =IF(D11="район",IFERROR(VLOOKUP(B11,'БКПН (приказ 170)'!$A$4:$C$10,3,FALSE()),$F$2),$F$2) -> 1911.91
A12: 1036 | B12: область Абай | C12: ='Расчет Кплотн'!C12 -> Аягозский район | D12: ='Расчет Кплотн'!D12 -> район | E12: =SUMIFS('РПН 01.08 по МО'!$D:$D,'РПН 01.08 по МО'!$E:$E,A12) -> 60975 | F12: ='Расчет Кплотн'!K12 -> 2 | G12: ='Расчет Кплотн'!J12 -> 2 | H12: =E12*$F$3*L12*F12/1000 -> 2797889.1 | I12: =E12*$F$3*L12*G12/1000 -> 2797889.1 | J12: =I12-H12 -> 0 | K12: =IFERROR(J12/H12,0) -> 0 | L12: =IF(D12="район",IFERROR(VLOOKUP(B12,'БКПН (приказ 170)'!$A$4:$C$10,3,FALSE()),$F$2),$F$2) -> 1911.91
A13: 1038 | B13: область Абай | C13: ='Расчет Кплотн'!C13 -> Бескарагайский район | D13: ='Расчет Кплотн'!D13 -> район | E13: =SUMIFS('РПН 01.08 по МО'!$D:$D,'РПН 01.08 по МО'!$E:$E,A13) -> 13938 | F13: ='Расчет Кплотн'!K13 -> 2 | G13: ='Расчет Кплотн'!J13 -> 2 | H13: =E13*$F$3*L13*F13/1000 -> 639556.84 | I13: =E13*$F$3*L13*G13/1000 -> 639556.84 | J13: =I13-H13 -> 0 | K13: =IFERROR(J13/H13,0) -> 0 | L13: =IF(D13="район",IFERROR(VLOOKUP(B13,'БКПН (приказ 170)'!$A$4:$C$10,3,FALSE()),$F$2),$F$2) -> 1911.91
A14: 1040 | B14: область Абай | C14: ='Расчет Кплотн'!C14 -> Бородулихинский район | D14: ='Расчет Кплотн'!D14 -> район | E14: =SUMIFS('РПН 01.08 по МО'!$D:$D,'РПН 01.08 по МО'!$E:$E,A14) -> 28085 | F14: ='Расчет Кплотн'!K14 -> 1.4339 | G14: ='Расчет Кплотн'!J14 -> 2 | H14: =E14*$F$3*L14*F14/1000 -> 923936.2 | I14: =E14*$F$3*L14*G14/1000 -> 1288703.8 | J14: =I14-H14 -> 364767.62 | K14: =IFERROR(J14/H14,0) -> 0.39479741 | L14: =IF(D14="район",IFERROR(VLOOKUP(B14,'БКПН (приказ 170)'!$A$4:$C$10,3,FALSE()),$F$2),$F$2) -> 1911.91
A15: 1041 | B15: область Абай | C15: ='Расчет Кплотн'!C15 -> район Жаңасемей | D15: ='Расчет Кплотн'!D15 -> район | E15: =SUMIFS('РПН 01.08 по МО'!$D:$D,'РПН 01.08 по МО'!$E:$E,A15) -> 6327 | F15: ='Расчет Кплотн'!K15 -> 1 | G15: ='Расчет Кплотн'!J15 -> 2 | H15: =E15*$F$3*L15*F15/1000 -> 145159.85 | I15: =E15*$F$3*L15*G15/1000 -> 290319.71 | J15: =I15-H15 -> 145159.85 | K15: =IFERROR(J15/H15,0) -> 1 | L15: =IF(D15="район",IFERROR(VLOOKUP(B15,'БКПН (приказ 170)'!$A$4:$C$10,3,FALSE()),$F$2),$F$2) -> 1911.91
A16: 1042 | B16: область Абай | C16: ='Расчет Кплотн'!C16 -> Жарминский район | D16: ='Расчет Кплотн'!D16 -> район | E16: =SUMIFS('РПН 01.08 по МО'!$D:$D,'РПН 01.08 по МО'!$E:$E,A16) -> 31813 | F16: ='Расчет Кплотн'!K16 -> 2 | G16: ='Расчет Кплотн'!J16 -> 2 | H16: =E16*$F$3*L16*F16/1000 -> 1459766.2 | I16: =E16*$F$3*L16*G16/1000 -> 1459766.2 | J16: =I16-H16 -> 0 | K16: =IFERROR(J16/H16,0) -> 0 | L16: =IF(D16="район",IFERROR(VLOOKUP(B16,'БКПН (приказ 170)'!$A$4:$C$10,3,FALSE()),$F$2),$F$2) -> 1911.91
A17: 1044 | B17: область Абай | C17: ='Расчет Кплотн'!C17 -> Кокпектинский район | D17: ='Расчет Кплотн'!D17 -> район | E17: =SUMIFS('РПН 01.08 по МО'!$D:$D,'РПН 01.08 по МО'!$E:$E,A17) -> 11539 | F17: ='Расчет Кплотн'!K17 -> 2 | G17: ='Расчет Кплотн'!J17 -> 2 | H17: =E17*$F$3*L17*F17/1000 -> 529476.71 | I17: =E17*$F$3*L17*G17/1000 -> 529476.71 | J17: =I17-H17 -> 0 | K17: =IFERROR(J17/H17,0) -> 0 | L17: =IF(D17="район",IFERROR(VLOOKUP(B17,'БКПН (приказ 170)'!$A$4:$C$10,3,FALSE()),$F$2),$F$2) -> 1911.91
A18: 1045 | B18: область Абай | C18: ='Расчет Кплотн'!C18 -> район Мақаншы | D18: ='Расчет Кплотн'!D18 -> район | E18: =SUMIFS('РПН 01.08 по МО'!$D:$D,'РПН 01.08 по МО'!$E:$E,A18) -> 22985 | F18: ='Расчет Кплотн'!K18 -> 1.6934 | G18: ='Расчет Кплотн'!J18 -> 2 | H18: =E18*$F$3*L18*F18/1000 -> 893002.66 | I18: =E18*$F$3*L18*G18/1000 -> 1054686 | J18: =I18-H18 -> 161683.37 | K18: =IFERROR(J18/H18,0) -> 0.18105586 | L18: =IF(D18="район",IFERROR(VLOOKUP(B18,'БКПН (приказ 170)'!$A$4:$C$10,3,FALSE()),$F$2),$F$2) -> 1911.91
A19: 1046 | B19: область Абай | C19: ='Расчет Кплотн'!C19 -> Урджарский район | D19: ='Расчет Кплотн'!D19 -> район | E19: =SUMIFS('РПН 01.08 по МО'!$D:$D,'РПН 01.08 по МО'!$E:$E,A19) -> 34454 | F19: ='Расчет Кплотн'!K19 -> 1.6934 | G19: ='Расчет Кплотн'!J19 -> 2 | H19: =E19*$F$3*L19*F19/1000 -> 1338591 | I19: =E19*$F$3*L19*G19/1000 -> 1580950.7 | J19: =I19-H19 -> 242359.75 | K19: =IFERROR(J19/H19,0) -> 0.18105586 | L19: =IF(D19="район",IFERROR(VLOOKUP(B19,'БКПН (приказ 170)'!$A$4:$C$10,3,FALSE()),$F$2),$F$2) -> 1911.91
... A208: 6348 | B208: Восточно-Казахстанская область | C208: ='Расчет Кплотн'!C208 -> район Алтай | D208: ='Расчет Кплотн'!D208 -> район | E208: =SUMIFS('РПН 01.08 по МО'!$D:$D,'РПН 01.08 по МО'!$E:$E,A208) -> 56419 | F208: ='Расчет Кплотн'!K208 -> 1.3549 | G208: ='Расчет Кплотн'!J208 -> 1.9417 | H208: =E208*$F$3*L208*F208/1000 -> 1753805.1 | I208: =E208*$F$3*L208*G208/1000 -> 2513368.7 | J208: =I208-H208 -> 759563.66 | K208: =IFERROR(J208/H208,0) -> 0.43309469 | L208: =IF(D208="район",IFERROR(VLOOKUP(B208,'БКПН (приказ 170)'!$A$4:$C$10,3,FALSE()),$F$2),$F$2) -> 1911.91
A209: 6352 | B209: Восточно-Казахстанская область | C209: ='Расчет Кплотн'!C209 -> Курчумский район | D209: ='Расчет Кплотн'!D209 -> район | E209: =SUMIFS('РПН 01.08 по МО'!$D:$D,'РПН 01.08 по МО'!$E:$E,A209)-E211 -> 13343 | F209: ='Расчет Кплотн'!K209 -> 2 | G209: ='Расчет Кплотн'!J209 -> 2 | H209: =E209*$F$3*L209*F209/1000 -> 612254.76 | I209: =E209*$F$3*L209*G209/1000 -> 612254.76 | J209: =I209-H209 -> 0 | K209: =IFERROR(J209/H209,0) -> 0 | L209: =IF(D209="район",IFERROR(VLOOKUP(B209,'БКПН (приказ 170)'!$A$4:$C$10,3,FALSE()),$F$2),$F$2) -> 1911.91
A210: 6354 | B210: Восточно-Казахстанская область | C210: ='Расчет Кплотн'!C210 -> Катон-Карагайский район | D210: ='Расчет Кплотн'!D210 -> район | E210: =SUMIFS('РПН 01.08 по МО'!$D:$D,'РПН 01.08 по МО'!$E:$E,A210) -> 8541 | F210: ='Расчет Кплотн'!K210 -> 2 | G210: ='Расчет Кплотн'!J210 -> 2 | H210: =E210*$F$3*L210*F210/1000 -> 391910.96 | I210: =E210*$F$3*L210*G210/1000 -> 391910.96 | J210: =I210-H210 -> 0 | K210: =IFERROR(J210/H210,0) -> 0 | L210: =IF(D210="район",IFERROR(VLOOKUP(B210,'БКПН (приказ 170)'!$A$4:$C$10,3,FALSE()),$F$2),$F$2) -> 1911.91
A211: 6355 | B211: Восточно-Казахстанская область | C211: ='Расчет Кплотн'!C211 -> район Марқакөл | D211: ='Расчет Кплотн'!D211 -> район | E211: ='Расчет Кплотн'!G211 -> 6285 | F211: ='Расчет Кплотн'!K211 -> 2 | G211: ='Расчет Кплотн'!J211 -> 2 | H211: =E211*$F$3*L211*F211/1000 -> 288392.5 | I211: =E211*$F$3*L211*G211/1000 -> 288392.5 | J211: =I211-H211 -> 0 | K211: =IFERROR(J211/H211,0) -> 0 | L211: =IF(D211="район",IFERROR(VLOOKUP(B211,'БКПН (приказ 170)'!$A$4:$C$10,3,FALSE()),$F$2),$F$2) -> 1911.91
A212: 6356 | B212: Восточно-Казахстанская область | C212: ='Расчет Кплотн'!C212 -> район Самар | D212: ='Расчет Кплотн'!D212 -> район | E212: =SUMIFS('РПН 01.08 по МО'!$D:$D,'РПН 01.08 по МО'!$E:$E,A212) -> 10576 | F212: ='Расчет Кплотн'!K212 -> 1.9345 | G212: ='Расчет Кплотн'!J212 -> 2 | H212: =E212*$F$3*L212*F212/1000 -> 469395.44 | I212: =E212*$F$3*L212*G212/1000 -> 485288.64 | J212: =I212-H212 -> 15893.203 | K212: =IFERROR(J212/H212,0) -> 0.033858878 | L212: =IF(D212="район",IFERROR(VLOOKUP(B212,'БКПН (приказ 170)'!$A$4:$C$10,3,FALSE()),$F$2),$F$2) -> 1911.91
A213: 6358 | B213: Восточно-Казахстанская область | C213: ='Расчет Кплотн'!C213 -> Тарбагатайский район | D213: ='Расчет Кплотн'!D213 -> район | E213: =SUMIFS('РПН 01.08 по МО'!$D:$D,'РПН 01.08 по МО'!$E:$E,A213) -> 16838 | F213: ='Расчет Кплотн'!K213 -> 2 | G213: ='Расчет Кплотн'!J213 -> 2 | H213: =E213*$F$3*L213*F213/1000 -> 772625.77 | I213: =E213*$F$3*L213*G213/1000 -> 772625.77 | J213: =I213-H213 -> 0 | K213: =IFERROR(J213/H213,0) -> 0 | L213: =IF(D213="район",IFERROR(VLOOKUP(B213,'БКПН (приказ 170)'!$A$4:$C$10,3,FALSE()),$F$2),$F$2) -> 1911.91
A214: 6362 | B214: Восточно-Казахстанская область | C214: ='Расчет Кплотн'!C214 -> Уланский район | D214: ='Расчет Кплотн'!D214 -> район | E214: =SUMIFS('РПН 01.08 по МО'!$D:$D,'РПН 01.08 по МО'!$E:$E,A214) -> 28068 | F214: ='Расчет Кплотн'!K214 -> 1.5835 | G214: ='Расчет Кплотн'!J214 -> 2 | H214: =E214*$F$3*L214*F214/1000 -> 1019713.6 | I214: =E214*$F$3*L214*G214/1000 -> 1287923.8 | J214: =I214-H214 -> 268210.12 | K214: =IFERROR(J214/H214,0) -> 0.26302494 | L214: =IF(D214="район",IFERROR(VLOOKUP(B214,'БКПН (приказ 170)'!$A$4:$C$10,3,FALSE()),$F$2),$F$2) -> 1911.91
A215: 6363 | B215: Восточно-Казахстанская область | C215: ='Расчет Кплотн'!C215 -> район Үлкен Нарын | D215: ='Расчет Кплотн'!D215 -> район | E215: =SUMIFS('РПН 01.08 по МО'!$D:$D,'РПН 01.08 по МО'!$E:$E,A215) -> 9397 | F215: ='Расчет Кплотн'!K215 -> 2 | G215: ='Расчет Кплотн'!J215 -> 2 | H215: =E215*$F$3*L215*F215/1000 -> 431189.24 | I215: =E215*$F$3*L215*G215/1000 -> 431189.24 | J215: =I215-H215 -> 0 | K215: =IFERROR(J215/H215,0) -> 0 | L215: =IF(D215="район",IFERROR(VLOOKUP(B215,'БКПН (приказ 170)'!$A$4:$C$10,3,FALSE()),$F$2),$F$2) -> 1911.91
A216: 6368 | B216: Восточно-Казахстанская область | C216: ='Расчет Кплотн'!C216 -> Шемонаихинский район | D216: ='Расчет Кплотн'!D216 -> район | E216: =SUMIFS('РПН 01.08 по МО'!$D:$D,'РПН 01.08 по МО'!$E:$E,A216) -> 39767 | F216: ='Расчет Кплотн'!K216 -> 1.1942 | G216: ='Расчет Кплотн'!J216 -> 1.5016 | H216: =E216*$F$3*L216*F216/1000 -> 1089553.6 | I216: =E216*$F$3*L216*G216/1000 -> 1370016.4 | J216: =I216-H216 -> 280462.88 | K216: =IFERROR(J216/H216,0) -> 0.25741082 | L216: =IF(D216="район",IFERROR(VLOOKUP(B216,'БКПН (приказ 170)'!$A$4:$C$10,3,FALSE()),$F$2),$F$2) -> 1911.91
A217: 7100 | B217: г. Астана | C217: ='Расчет Кплотн'!C217 -> г. Астана | D217: ='Расчет Кплотн'!D217 -> город респ. значения | E217: =SUMIFS('РПН 01.08 по МО'!$D:$D,'РПН 01.08 по МО'!$E:$E,A217) -> 1700015 | F217: ='Расчет Кплотн'!K217 -> 1 | G217: ='Расчет Кплотн'!J217 -> 1 | H217: =E217*$F$3*L217*F217/1000 -> 34398172 | I217: =E217*$F$3*L217*G217/1000 -> 34398172 | J217: =I217-H217 -> 0 | K217: =IFERROR(J217/H217,0) -> 0 | L217: =IF(D217="район",IFERROR(VLOOKUP(B217,'БКПН (приказ 170)'!$A$4:$C$10,3,FALSE()),$F$2),$F$2) -> 1686.17
A218: 7500 | B218: г. Алматы | C218: ='Расчет Кплотн'!C218 -> г. Алматы | D218: ='Расчет Кплотн'!D218 -> город респ. значения | E218: =SUMIFS('РПН 01.08 по МО'!$D:$D,'РПН 01.08 по МО'!$E:$E,A218) -> 2398435 | F218: ='Расчет Кплотн'!K218 -> 1 | G218: ='Расчет Кплотн'!J218 -> 1 | H218: =E218*$F$3*L218*F218/1000 -> 48530030 | I218: =E218*$F$3*L218*G218/1000 -> 48530030 | J218: =I218-H218 -> 0 | K218: =IFERROR(J218/H218,0) -> 0 | L218: =IF(D218="район",IFERROR(VLOOKUP(B218,'БКПН (приказ 170)'!$A$4:$C$10,3,FALSE()),$F$2),$F$2) -> 1686.17
A219: 7900 | B219: г. Шымкент | C219: ='Расчет Кплотн'!C219 -> г. Шымкент | D219: ='Расчет Кплотн'!D219 -> город респ. значения | E219: =SUMIFS('РПН 01.08 по МО'!$D:$D,'РПН 01.08 по МО'!$E:$E,A219) -> 1295884 | F219: ='Расчет Кплотн'!K219 -> 1 | G219: ='Расчет Кплотн'!J219 -> 1 | H219: =E219*$F$3*L219*F219/1000 -> 26220969 | I219: =E219*$F$3*L219*G219/1000 -> 26220969 | J219: =I219-H219 -> 0 | K219: =IFERROR(J219/H219,0) -> 0 | L219: =IF(D219="район",IFERROR(VLOOKUP(B219,'БКПН (приказ 170)'!$A$4:$C$10,3,FALSE()),$F$2),$F$2) -> 1686.17

Sheet Расчет Кплотн
A1: Коэффициент плотности населения для ПМСП по приказу № ҚР ДСМ-309/2020: Кплотн.район = 1 + В × Плотн.РК / Пнас.район
A2: Численность – ЦС «РПН» на 01.01.2026; район МО – по КАТО (18.09.2026); площадь – МСХ РК на 01.01.2026; сравнение – приказ № ҚР ДСМ-170/2020 (ред. 31.12.2025), прил. 5 к тарифам ПМСП.
A3: В (коэффициент корреляции Пирсона плотности и численности): | I3: =ROUND(CORREL(M8:M219,N8:N219),4) -> 0.689
A4: Плотн.РК, чел./км²: | I4: =H7 -> 7.444176
A6: Код района (КАТО) | B6: Регион | C6: Район / город | D6: Тип территории | E6: Площадь, тыс. га (МСХ) | F6: Площадь, км² | G6: Численность РПН на 01.01.2026, чел. | H6: Плотность, чел./км² | I6: Кплотн расчётный | J6: Кплотн по приказу № 309 | K6: Кплотн по приказу № 170 | L6: Изменение | M6: Для расчёта В: плотность (без городов респ. значения) | N6: Для расчёта В: численность (без городов респ. значения)
C7: Итого по РК | E7: =SUM(E8:E219) -> 272496.5 | F7: =SUM(F8:F219) -> 2724965 | G7: =SUM(G8:G219) -> 20285119 | H7: =G7/F7 -> 7.444176 | J7: =SUMPRODUCT(G8:G219,J8:J219)/G7 -> 1.2515183 | K7: =SUMPRODUCT(G8:G219,K8:K219)/G7 -> 1.178369 | L7: =J7-K7 -> 0.073149235
A8: 1010 | B8: область Абай | C8: Семей | D8: областной центр | E8: =SUMIFS('Площадь МСХ'!$D:$D,'Площадь МСХ'!$E:$E,A8) -> 29.8213 | F8: =E8*10 -> 298.213 | G8: =SUMIFS('РПН по МО'!$E:$E,'РПН по МО'!$F:$F,A8) -> 366217 | H8: =IF(G8>0,G8/F8,"") -> 1228.0383 | I8: =IF(G8>0,ROUND(1+$I$3*$I$4/H8,4),"") -> 1.0042 | J8: =IF(D8="район",MIN(I8,2),IF(D8="город респ. значения",1,IF(D8="областной центр",1,1.5))) -> 1 | K8: 1 | L8: =J8-K8 -> 0 | M8: =IF(D8="город респ. значения","",H8) -> 1228.0383 | N8: =IF(D8="город респ. значения","",G8) -> 366217
A9: 1018 | B9: область Абай | C9: Курчатов | D9: моногород / малый город | E9: =SUMIFS('Площадь МСХ'!$D:$D,'Площадь МСХ'!$E:$E,A9) -> 11.000003 | F9: =E9*10 -> 110.00003 | G9: =SUMIFS('РПН по МО'!$E:$E,'РПН по МО'!$F:$F,A9) -> 9984 | H9: =IF(G9>0,G9/F9,"") -> 90.763609 | I9: =IF(G9>0,ROUND(1+$I$3*$I$4/H9,4),"") -> 1.0565 | J9: =IF(D9="район",MIN(I9,2),IF(D9="город респ. значения",1,IF(D9="областной центр",1,1.5))) -> 1.5 | K9: 1.5 | L9: =J9-K9 -> 0 | M9: =IF(D9="город респ. значения","",H9) -> 90.763609 | N9: =IF(D9="город респ. значения","",G9) -> 9984
A10: 1032 | B10: область Абай | C10: Абайский район | D10: район | E10: =SUMIFS('Площадь МСХ'!$D:$D,'Площадь МСХ'!$E:$E,A10) -> 2009.391 | F10: =E10*10 -> 20093.91 | G10: =SUMIFS('РПН по МО'!$E:$E,'РПН по МО'!$F:$F,A10) -> 10869 | H10: =IF(G10>0,G10/F10,"") -> 0.54091016 | I10: =IF(G10>0,ROUND(1+$I$3*$I$4/H10,4),"") -> 10.4822 | J10: =IF(D10="район",MIN(I10,2),IF(D10="город респ. значения",1,IF(D10="областной центр",1,1.5))) -> 2 | K10: 2 | L10: =J10-K10 -> 0 | M10: =IF(D10="город респ. значения","",H10) -> 0.54091016 | N10: =IF(D10="город респ. значения","",G10) -> 10869
A11: 1034 | B11: область Абай | C11: район Ақсуат | D11: район | E11: =SUMIFS('Площадь МСХ'!$D:$D,'Площадь МСХ'!$E:$E,A11) -> 1356.19 | F11: =E11*10 -> 13561.9 | G11: =SUMIFS('РПН по МО'!$E:$E,'РПН по МО'!$F:$F,A11) -> 16638 | H11: =IF(G11>0,G11/F11,"") -> 1.2268193 | I11: =IF(G11>0,ROUND(1+$I$3*$I$4/H11,4),"") -> 5.1808 | J11: =IF(D11="район",MIN(I11,2),IF(D11="город респ. значения",1,IF(D11="областной центр",1,1.5))) -> 2 | K11: 2 | L11: =J11-K11 -> 0 | M11: =IF(D11="город респ. значения","",H11) -> 1.2268193 | N11: =IF(D11="город респ. значения","",G11) -> 16638
A12: 1036 | B12: область Абай | C12: Аягозский район | D12: район | E12: =SUMIFS('Площадь МСХ'!$D:$D,'Площадь МСХ'!$E:$E,A12) -> 4958.803 | F12: =E12*10 -> 49588.03 | G12: =SUMIFS('РПН по МО'!$E:$E,'РПН по МО'!$F:$F,A12) -> 60929 | H12: =IF(G12>0,G12/F12,"") -> 1.2287038 | I12: =IF(G12>0,ROUND(1+$I$3*$I$4/H12,4),"") -> 5.1743 | J12: =IF(D12="район",MIN(I12,2),IF(D12="город респ. значения",1,IF(D12="областной центр",1,1.5))) -> 2 | K12: 2 | L12: =J12-K12 -> 0 | M12: =IF(D12="город респ. значения","",H12) -> 1.2287038 | N12: =IF(D12="город респ. значения","",G12) -> 60929
A13: 1038 | B13: область Абай | C13: Бескарагайский район | D13: район | E13: =SUMIFS('Площадь МСХ'!$D:$D,'Площадь МСХ'!$E:$E,A13) -> 1137.3767 | F13: =E13*10 -> 11373.767 | G13: =SUMIFS('РПН по МО'!$E:$E,'РПН по МО'!$F:$F,A13) -> 14632 | H13: =IF(G13>0,G13/F13,"") -> 1.2864691 | I13: =IF(G13>0,ROUND(1+$I$3*$I$4/H13,4),"") -> 4.9869 | J13: =IF(D13="район",MIN(I13,2),IF(D13="город респ. значения",1,IF(D13="областной центр",1,1.5))) -> 2 | K13: 2 | L13: =J13-K13 -> 0 | M13: =IF(D13="город респ. значения","",H13) -> 1.2864691 | N13: =IF(D13="город респ. значения","",G13) -> 14632
A14: 1040 | B14: область Абай | C14: Бородулихинский район | D14: район | E14: =SUMIFS('Площадь МСХ'!$D:$D,'Площадь МСХ'!$E:$E,A14) -> 698.992 | F14: =E14*10 -> 6989.92 | G14: =SUMIFS('РПН по МО'!$E:$E,'РПН по МО'!$F:$F,A14) -> 28478 | H14: =IF(G14>0,G14/F14,"") -> 4.0741525 | I14: =IF(G14>0,ROUND(1+$I$3*$I$4/H14,4),"") -> 2.2589 | J14: =IF(D14="район",MIN(I14,2),IF(D14="город респ. значения",1,IF(D14="областной центр",1,1.5))) -> 2 | K14: 1.4339 | L14: =J14-K14 -> 0.5661 | M14: =IF(D14="город респ. значения","",H14) -> 4.0741525 | N14: =IF(D14="город респ. значения","",G14) -> 28478
A15: 1041 | B15: область Абай | C15: район Жаңасемей | D15: район | E15: =SUMIFS('Площадь МСХ'!$D:$D,'Площадь МСХ'!$E:$E,A15) -> 2754.401 | F15: =E15*10 -> 27544.01 | G15: =SUMIFS('РПН по МО'!$E:$E,'РПН по МО'!$F:$F,A15) -> 3768 | H15: =IF(G15>0,G15/F15,"") -> 0.13679925 | I15: =IF(G15>0,ROUND(1+$I$3*$I$4/H15,4),"") -> 38.4932 | J15: =IF(D15="район",MIN(I15,2),IF(D15="город респ. значения",1,IF(D15="областной центр",1,1.5))) -> 2 | K15: 1 | L15: =J15-K15 -> 1 | M15: =IF(D15="город респ. значения","",H15) -> 0.13679925 | N15: =IF(D15="город респ. значения","",G15) -> 3768
A16: 1042 | B16: область Абай | C16: Жарминский район | D16: район | E16: =SUMIFS('Площадь МСХ'!$D:$D,'Площадь МСХ'!$E:$E,A16) -> 2340.38 | F16: =E16*10 -> 23403.8 | G16: =SUMIFS('РПН по МО'!$E:$E,'РПН по МО'!$F:$F,A16) -> 31967 | H16: =IF(G16>0,G16/F16,"") -> 1.3658893 | I16: =IF(G16>0,ROUND(1+$I$3*$I$4/H16,4),"") -> 4.7551 | J16: =IF(D16="район",MIN(I16,2),IF(D16="город респ. значения",1,IF(D16="областной центр",1,1.5))) -> 2 | K16: 2 | L16: =J16-K16 -> 0 | M16: =IF(D16="город респ. значения","",H16) -> 1.3658893 | N16: =IF(D16="город респ. значения","",G16) -> 31967
A17: 1044 | B17: область Абай | C17: Кокпектинский район | D17: район | E17: =SUMIFS('Площадь МСХ'!$D:$D,'Площадь МСХ'!$E:$E,A17) -> 909.936 | F17: =E17*10 -> 9099.36 | G17: =SUMIFS('РПН по МО'!$E:$E,'РПН по МО'!$F:$F,A17) -> 11645 | H17: =IF(G17>0,G17/F17,"") -> 1.2797603 | I17: =IF(G17>0,ROUND(1+$I$3*$I$4/H17,4),"") -> 5.0078 | J17: =IF(D17="район",MIN(I17,2),IF(D17="город респ. значения",1,IF(D17="областной центр",1,1.5))) -> 2 | K17: 2 | L17: =J17-K17 -> 0 | M17: =IF(D17="город респ. значения","",H17) -> 1.2797603 | N17: =IF(D17="город респ. значения","",G17) -> 11645
A18: 1045 | B18: область Абай | C18: район Мақаншы | D18: район | E18: =SUMIFS('Площадь МСХ'!$D:$D,'Площадь МСХ'!$E:$E,A18) -> 1137.466 | F18: =E18*10 -> 11374.66 | G18: =SUMIFS('РПН по МО'!$E:$E,'РПН по МО'!$F:$F,A18) -> 22908 | H18: =IF(G18>0,G18/F18,"") -> 2.0139503 | I18: =IF(G18>0,ROUND(1+$I$3*$I$4/H18,4),"") -> 3.5468 | J18: =IF(D18="район",MIN(I18,2),IF(D18="город респ. значения",1,IF(D18="областной центр",1,1.5))) -> 2 | K18: 1.6934 | L18: =J18-K18 -> 0.3066 | M18: =IF(D18="город респ. значения","",H18) -> 2.0139503 | N18: =IF(D18="город респ. значения","",G18) -> 22908
A19: 1046 | B19: область Абай | C19: Урджарский район | D19: район | E19: =SUMIFS('Площадь МСХ'!$D:$D,'Площадь МСХ'!$E:$E,A19) -> 1203.906 | F19: =E19*10 -> 12039.06 | G19: =SUMIFS('РПН по МО'!$E:$E,'РПН по МО'!$F:$F,A19) -> 34662 | H19: =IF(G19>0,G19/F19,"") -> 2.8791284 | I19: =IF(G19>0,ROUND(1+$I$3*$I$4/H19,4),"") -> 2.7815 | J19: =IF(D19="район",MIN(I19,2),IF(D19="город респ. значения",1,IF(D19="областной центр",1,1.5))) -> 2 | K19: 1.6934 | L19: =J19-K19 -> 0.3066 | M19: =IF(D19="город респ. значения","",H19) -> 2.8791284 | N19: =IF(D19="город респ. значения","",G19) -> 34662
... A139: 4310 | B139: Кызылординская область | C139: Кызылорда | D139: областной центр | E139: =SUMIFS('Площадь МСХ'!$D:$D,'Площадь МСХ'!$E:$E,A139) -> 235.988 | F139: =E139*10 -> 2359.88 | G139: =SUMIFS('РПН по МО'!$E:$E,'РПН по МО'!$F:$F,A139) -> 378118 | H139: =IF(G139>0,G139/F139,"") -> 160.22764 | I139: =IF(G139>0,ROUND(1+$I$3*$I$4/H139,4),"") -> 1.032 | J139: =IF(D139="район",MIN(I139,2),IF(D139="город респ. значения",1,IF(D139="областной центр",1,1.5))) -> 1 | K139: 1 | L139: =J139-K139 -> 0 | M139: =IF(D139="город респ. значения","",H139) -> 160.22764 | N139: =IF(D139="город респ. значения","",G139) -> 378118
A140: 4319 | B140: Кызылординская область | C140: Байконыр | D140: моногород / малый город | E140: 5.498 | F140: =E140*10 -> 54.98 | G140: =SUMIFS('РПН по МО'!$E:$E,'РПН по МО'!$F:$F,A140) -> 39604 | H140: =IF(G140>0,G140/F140,"") -> 720.33467 | I140: =IF(G140>0,ROUND(1+$I$3*$I$4/H140,4),"") -> 1.0071 | J140: =IF(D140="район",MIN(I140,2),IF(D140="город респ. значения",1,IF(D140="областной центр",1,1.5))) -> 1.5 | K140: 1.5 | L140: =J140-K140 -> 0 | M140: =IF(D140="город респ. значения","",H140) -> 720.33467 | N140: =IF(D140="город респ. значения","",G140) -> 39604
A141: 4332 | B141: Кызылординская область | C141: Аральский район | D141: район | E141: =SUMIFS('Площадь МСХ'!$D:$D,'Площадь МСХ'!$E:$E,A141) -> 5521.274 | F141: =E141*10 -> 55212.74 | G141: =SUMIFS('РПН по МО'!$E:$E,'РПН по МО'!$F:$F,A141) -> 71158 | H141: =IF(G141>0,G141/F141,"") -> 1.2887968 | I141: =IF(G141>0,ROUND(1+$I$3*$I$4/H141,4),"") -> 4.9797 | J141: =IF(D141="район",MIN(I141,2),IF(D141="город респ. значения",1,IF(D141="областной центр",1,1.5))) -> 2 | K141: 2 | L141: =J141-K141 -> 0 | M141: =IF(D141="город респ. значения","",H141) -> 1.2887968 | N141: =IF(D141="город респ. значения","",G141) -> 71158
A142: 4336 | B142: Кызылординская область | C142: Жалагашский район | D142: район | E142: =SUMIFS('Площадь МСХ'!$D:$D,'Площадь МСХ'!$E:$E,A142) -> 2293.226 | F142: =E142*10 -> 22932.26 | G142: =SUMIFS('РПН по МО'!$E:$E,'РПН по МО'!$F:$F,A142) -> 31296 | H142: =IF(G142>0,G142/F142,"") -> 1.364715 | I142: =IF(G142>0,ROUND(1+$I$3*$I$4/H142,4),"") -> 4.7583 | J142: =IF(D142="район",MIN(I142,2),IF(D142="город респ. значения",1,IF(D142="областной центр",1,1.5))) -> 2 | K142: 2 | L142: =J142-K142 -> 0 | M142: =IF(D142="город респ. значения","",H142) -> 1.364715 | N142: =IF(D142="город респ. значения","",G142) -> 31296
A143: 4340 | B143: Кызылординская область | C143: Жанакорганский район | D143: район | E143: =SUMIFS('Площадь МСХ'!$D:$D,'Площадь МСХ'!$E:$E,A143) -> 1543.396 | F143: =E143*10 -> 15433.96 | G143: =SUMIFS('РПН по МО'!$E:$E,'РПН по МО'!$F:$F,A143) -> 72967 | H143: =IF(G143>0,G143/F143,"") -> 4.7276914 | I143: =IF(G143>0,ROUND(1+$I$3*$I$4/H143,4),"") -> 2.0849 | J143: =IF(D143="район",MIN(I143,2),IF(D143="город респ. значения",1,IF(D143="областной центр",1,1.5))) -> 2 | K143: 1.392 | L143: =J143-K143 -> 0.608 | M143: =IF(D143="город респ. значения","",H143) -> 4.7276914 | N143: =IF(D143="город респ. значения","",G143) -> 72967
A144: 4344 | B144: Кызылординская область | C144: Казалинский район | D144: район | E144: =SUMIFS('Площадь МСХ'!$D:$D,'Площадь МСХ'!$E:$E,A144) -> 3759.706 | F144: =E144*10 -> 37597.06 | G144: =SUMIFS('РПН по МО'!$E:$E,'РПН по МО'!$F:$F,A144) -> 76791 | H144: =IF(G144>0,G144/F144,"") -> 2.0424735 | I144: =IF(G144>0,ROUND(1+$I$3*$I$4/H144,4),"") -> 3.5112 | J144: =IF(D144="район",MIN(I144,2),IF(D144="город респ. значения",1,IF(D144="областной центр",1,1.5))) -> 2 | K144: 1.9817 | L144: =J144-K144 -> 0.0183 | M144: =IF(D144="город респ. значения","",H144) -> 2.0424735 | N144: =IF(D144="город респ. значения","",G144) -> 76791
A145: 4346 | B145: Кызылординская область | C145: Кармакшинский район | D145: район | E145: =SUMIFS('Площадь МСХ'!$D:$D,'Площадь МСХ'!$E:$E,A145) -> 3104.07 | F145: =E145*10 -> 31040.7 | G145: =SUMIFS('РПН по МО'!$E:$E,'РПН по МО'!$F:$F,A145) -> 30558 | H145: =IF(G145>0,G145/F145,"") -> 0.98444945 | I145: =IF(G145>0,ROUND(1+$I$3*$I$4/H145,4),"") -> 6.2101 | J145: =IF(D145="район",MIN(I145,2),IF(D145="город респ. значения",1,IF(D145="областной центр",1,1.5))) -> 2 | K145: 2 | L145: =J145-K145 -> 0 | M145: =IF(D145="город респ. значения","",H145) -> 0.98444945 | N145: =IF(D145="город респ. значения","",G145) -> 30558
A146: 4348 | B146: Кызылординская область | C146: Сырдарьинский район | D146: район | E146: =SUMIFS('Площадь МСХ'!$D:$D,'Площадь МСХ'!$E:$E,A146) -> 2904.533 | F146: =E146*10 -> 29045.33 | G146: =SUMIFS('РПН по МО'!$E:$E,'РПН по МО'!$F:$F,A146) -> 33538 | H146: =IF(G146>0,G146/F146,"") -> 1.1546779 | I146: =IF(G146>0,ROUND(1+$I$3*$I$4/H146,4),"") -> 5.442 | J146: =IF(D146="район",MIN(I146,2),IF(D146="город респ. значения",1,IF(D146="областной центр",1,1.5))) -> 2 | K146: 2 | L146: =J146-K146 -> 0 | M146: =IF(D146="город респ. значения","",H146) -> 1.1546779 | N146: =IF(D146="город респ. значения","",G146) -> 33538
A147: 4352 | B147: Кызылординская область | C147: Шиелийский район | D147: район | E147: =SUMIFS('Площадь МСХ'!$D:$D,'Площадь МСХ'!$E:$E,A147) -> 3239.755 | F147: =E147*10 -> 32397.55 | G147: =SUMIFS('РПН по МО'!$E:$E,'РПН по МО'!$F:$F,A147) -> 77807 | H147: =IF(G147>0,G147/F147,"") -> 2.4016322 | I147: =IF(G147>0,ROUND(1+$I$3*$I$4/H147,4),"") -> 3.1356 | J147: =IF(D147="район",MIN(I147,2),IF(D147="город респ. значения",1,IF(D147="областной центр",1,1.5))) -> 2 | K147: 1.7795 | L147: =J147-K147 -> 0.2205 | M147: =IF(D147="город респ. значения","",H147) -> 2.4016322 | N147: =IF(D147="город респ. значения","",G147) -> 77807
A148: 4710 | B148: Мангистауская область | C148: Актау | D148: областной центр | E148: =SUMIFS('Площадь МСХ'!$D:$D,'Площадь МСХ'!$E:$E,A148) -> 29.849 | F148: =E148*10 -> 298.49 | G148: =SUMIFS('РПН по МО'!$E:$E,'РПН по МО'!$F:$F,A148) -> 347110 | H148: =IF(G148>0,G148/F148,"") -> 1162.8865 | I148: =IF(G148>0,ROUND(1+$I$3*$I$4/H148,4),"") -> 1.0044 | J148: =IF(D148="район",MIN(I148,2),IF(D148="город респ. значения",1,IF(D148="областной центр",1,1.5))) -> 1 | K148: 1 | L148: =J148-K148 -> 0 | M148: =IF(D148="город респ. значения","",H148) -> 1162.8865 | N148: =IF(D148="город респ. значения","",G148) -> 347110
A149: 4718 | B149: Мангистауская область | C149: Жанаозен | D149: моногород / малый город | E149: =SUMIFS('Площадь МСХ'!$D:$D,'Площадь МСХ'!$E:$E,A149) -> 51.549 | F149: =E149*10 -> 515.49 | G149: =SUMIFS('РПН по МО'!$E:$E,'РПН по МО'!$F:$F,A149) -> 146473 | H149: =IF(G149>0,G149/F149,"") -> 284.14324 | I149: =IF(G149>0,ROUND(1+$I$3*$I$4/H149,4),"") -> 1.0181 | J149: =IF(D149="район",MIN(I149,2),IF(D149="город респ. значения",1,IF(D149="областной центр",1,1.5))) -> 1.5 | K149: 1.5 | L149: =J149-K149 -> 0 | M149: =IF(D149="город респ. значения","",H149) -> 284.14324 | N149: =IF(D149="город респ. значения","",G149) -> 146473
A150: 4736 | B150: Мангистауская область | C150: Бейнеуский район | D150: район | E150: =SUMIFS('Площадь МСХ'!$D:$D,'Площадь МСХ'!$E:$E,A150) -> 4051.933 | F150: =E150*10 -> 40519.33 | G150: =SUMIFS('РПН по МО'!$E:$E,'РПН по МО'!$F:$F,A150) -> 56835 | H150: =IF(G150>0,G150/F150,"") -> 1.4026639 | I150: =IF(G150>0,ROUND(1+$I$3*$I$4/H150,4),"") -> 4.6566 | J150: =IF(D150="район",MIN(I150,2),IF(D150="город респ. значения",1,IF(D150="областной центр",1,1.5))) -> 2 | K150: 2 | L150: =J150-K150 -> 0 | M150: =IF(D150="город респ. значения","",H150) -> 1.4026639 | N150: =IF(D150="город респ. значения","",G150) -> 56835
A151: 4742 | B151: Мангистауская область | C151: Каракиянский район | D151: район | E151: =SUMIFS('Площадь МСХ'!$D:$D,'Площадь МСХ'!$E:$E,A151) -> 6483.6369 | F151: =E151*10 -> 64836.369 | G151: =SUMIFS('РПН по МО'!$E:$E,'РПН по МО'!$F:$F,A151) -> 38031 | H151: =IF(G151>0,G151/F151,"") -> 0.58656894 | I151: =IF(G151>0,ROUND(1+$I$3*$I$4/H151,4),"") -> 9.7441 | J151: =IF(D151="район",MIN(I151,2),IF(D151="город респ. значения",1,IF(D151="областной центр",1,1.5))) -> 2 | K151: 2 | L151: =J151-K151 -> 0 | M151: =IF(D151="город респ. значения","",H151) -> 0.58656894 | N151: =IF(D151="город респ. значения","",G151) -> 38031
A152: 4746 | B152: Мангистауская область | C152: Мангистауский район | D152: район | E152: =SUMIFS('Площадь МСХ'!$D:$D,'Площадь МСХ'!$E:$E,A152) -> 4602.2253 | F152: =E152*10 -> 46022.253 | G152: =SUMIFS('РПН по МО'!$E:$E,'РПН по МО'!$F:$F,A152) -> 30621 | H152: =IF(G152>0,G152/F152,"") -> 0.66535204 | I152: =IF(G152>0,ROUND(1+$I$3*$I$4/H152,4),"") -> 8.7088 | J152: =IF(D152="район",MIN(I152,2),IF(D152="город респ. значения",1,IF(D152="областной центр",1,1.5))) -> 2 | K152: 2 | L152: =J152-K152 -> 0 | M152: =IF(D152="город респ. значения","",H152) -> 0.66535204 | N152: =IF(D152="город респ. значения","",G152) -> 30621
... A208: 6348 | B208: Восточно-Казахстанская область | C208: район Алтай | D208: район | E208: =SUMIFS('Площадь МСХ'!$D:$D,'Площадь МСХ'!$E:$E,A208) -> 1056.096 | F208: =E208*10 -> 10560.96 | G208: =SUMIFS('РПН по МО'!$E:$E,'РПН по МО'!$F:$F,A208) -> 57519 | H208: =IF(G208>0,G208/F208,"") -> 5.4463799 | I208: =IF(G208>0,ROUND(1+$I$3*$I$4/H208,4),"") -> 1.9417 | J208: =IF(D208="район",MIN(I208,2),IF(D208="город респ. значения",1,IF(D208="областной центр",1,1.5))) -> 1.9417 | K208: 1.3549 | L208: =J208-K208 -> 0.5868 | M208: =IF(D208="город респ. значения","",H208) -> 5.4463799 | N208: =IF(D208="город респ. значения","",G208) -> 57519
A209: 6352 | B209: Восточно-Казахстанская область | C209: Курчумский район | D209: район | E209: =SUMIFS('Площадь МСХ'!$D:$D,'Площадь МСХ'!$E:$E,A209) -> 1216.969 | F209: =E209*10 -> 12169.69 | G209: =SUMIFS('РПН по МО'!$E:$E,'РПН по МО'!$F:$F,A209)-G211 -> 13370 | H209: =IF(G209>0,G209/F209,"") -> 1.0986311 | I209: =IF(G209>0,ROUND(1+$I$3*$I$4/H209,4),"") -> 5.6686 | J209: =IF(D209="район",MIN(I209,2),IF(D209="город респ. значения",1,IF(D209="областной центр",1,1.5))) -> 2 | K209: 2 | L209: =J209-K209 -> 0 | M209: =IF(D209="город респ. значения","",H209) -> 1.0986311 | N209: =IF(D209="город респ. значения","",G209) -> 13370
A210: 6354 | B210: Восточно-Казахстанская область | C210: Катон-Карагайский район | D210: район | E210: =SUMIFS('Площадь МСХ'!$D:$D,'Площадь МСХ'!$E:$E,A210) -> 940.777 | F210: =E210*10 -> 9407.77 | G210: =SUMIFS('РПН по МО'!$E:$E,'РПН по МО'!$F:$F,A210) -> 8639 | H210: =IF(G210>0,G210/F210,"") -> 0.9182835 | I210: =IF(G210>0,ROUND(1+$I$3*$I$4/H210,4),"") -> 6.5855 | J210: =IF(D210="район",MIN(I210,2),IF(D210="город респ. значения",1,IF(D210="областной центр",1,1.5))) -> 2 | K210: 2 | L210: =J210-K210 -> 0 | M210: =IF(D210="город респ. значения","",H210) -> 0.9182835 | N210: =IF(D210="город респ. значения","",G210) -> 8639
A211: 6355 | B211: Восточно-Казахстанская область | C211: район Марқакөл | D211: район | E211: =SUMIFS('Площадь МСХ'!$D:$D,'Площадь МСХ'!$E:$E,A211) -> 1102.917 | F211: =E211*10 -> 11029.17 | G211: ='Курчум – Марқакөл'!C22 -> 6285 | H211: =IF(G211>0,G211/F211,"") -> 0.56985249 | I211: =IF(G211>0,ROUND(1+$I$3*$I$4/H211,4),"") -> 10.0006 | J211: =IF(D211="район",MIN(I211,2),IF(D211="город респ. значения",1,IF(D211="областной центр",1,1.5))) -> 2 | K211: 2 | L211: =J211-K211 -> 0 | M211: =IF(D211="город респ. значения","",H211) -> 0.56985249 | N211: =IF(D211="город респ. значения","",G211) -> 6285
A212: 6356 | B212: Восточно-Казахстанская область | C212: район Самар | D212: район | E212: =SUMIFS('Площадь МСХ'!$D:$D,'Площадь МСХ'!$E:$E,A212) -> 547.6 | F212: =E212*10 -> 5476 | G212: =SUMIFS('РПН по МО'!$E:$E,'РПН по МО'!$F:$F,A212) -> 10645 | H212: =IF(G212>0,G212/F212,"") -> 1.9439372 | I212: =IF(G212>0,ROUND(1+$I$3*$I$4/H212,4),"") -> 3.6385 | J212: =IF(D212="район",MIN(I212,2),IF(D212="город респ. значения",1,IF(D212="областной центр",1,1.5))) -> 2 | K212: 1.9345 | L212: =J212-K212 -> 0.0655 | M212: =IF(D212="город респ. значения","",H212) -> 1.9439372 | N212: =IF(D212="город респ. значения","",G212) -> 10645
A213: 6358 | B213: Восточно-Казахстанская область | C213: Тарбагатайский район | D213: район | E213: =SUMIFS('Площадь МСХ'!$D:$D,'Площадь МСХ'!$E:$E,A213) -> 1017 | F213: =E213*10 -> 10170 | G213: =SUMIFS('РПН по МО'!$E:$E,'РПН по МО'!$F:$F,A213) -> 16946 | H213: =IF(G213>0,G213/F213,"") -> 1.6662734 | I213: =IF(G213>0,ROUND(1+$I$3*$I$4/H213,4),"") -> 4.0781 | J213: =IF(D213="район",MIN(I213,2),IF(D213="город респ. значения",1,IF(D213="областной центр",1,1.5))) -> 2 | K213: 2 | L213: =J213-K213 -> 0 | M213: =IF(D213="город респ. значения","",H213) -> 1.6662734 | N213: =IF(D213="город респ. значения","",G213) -> 16946
A214: 6362 | B214: Восточно-Казахстанская область | C214: Уланский район | D214: район | E214: =SUMIFS('Площадь МСХ'!$D:$D,'Площадь МСХ'!$E:$E,A214) -> 962.481 | F214: =E214*10 -> 9624.81 | G214: =SUMIFS('РПН по МО'!$E:$E,'РПН по МО'!$F:$F,A214) -> 28227 | H214: =IF(G214>0,G214/F214,"") -> 2.9327332 | I214: =IF(G214>0,ROUND(1+$I$3*$I$4/H214,4),"") -> 2.7489 | J214: =IF(D214="район",MIN(I214,2),IF(D214="город респ. значения",1,IF(D214="областной центр",1,1.5))) -> 2 | K214: 1.5835 | L214: =J214-K214 -> 0.4165 | M214: =IF(D214="город респ. значения","",H214) -> 2.9327332 | N214: =IF(D214="город респ. значения","",G214) -> 28227
A215: 6363 | B215: Восточно-Казахстанская область | C215: район Үлкен Нарын | D215: район | E215: =SUMIFS('Площадь МСХ'!$D:$D,'Площадь МСХ'!$E:$E,A215) -> 378.298 | F215: =E215*10 -> 3782.98 | G215: =SUMIFS('РПН по МО'!$E:$E,'РПН по МО'!$F:$F,A215) -> 9530 | H215: =IF(G215>0,G215/F215,"") -> 2.519178 | I215: =IF(G215>0,ROUND(1+$I$3*$I$4/H215,4),"") -> 3.036 | J215: =IF(D215="район",MIN(I215,2),IF(D215="город респ. значения",1,IF(D215="областной центр",1,1.5))) -> 2 | K215: 2 | L215: =J215-K215 -> 0 | M215: =IF(D215="город респ. значения","",H215) -> 2.519178 | N215: =IF(D215="город респ. значения","",G215) -> 9530
A216: 6368 | B216: Восточно-Казахстанская область | C216: Шемонаихинский район | D216: район | E216: =SUMIFS('Площадь МСХ'!$D:$D,'Площадь МСХ'!$E:$E,A216) -> 395.988 | F216: =E216*10 -> 3959.88 | G216: =SUMIFS('РПН по МО'!$E:$E,'РПН по МО'!$F:$F,A216) -> 40494 | H216: =IF(G216>0,G216/F216,"") -> 10.226067 | I216: =IF(G216>0,ROUND(1+$I$3*$I$4/H216,4),"") -> 1.5016 | J216: =IF(D216="район",MIN(I216,2),IF(D216="город респ. значения",1,IF(D216="областной центр",1,1.5))) -> 1.5016 | K216: 1.1942 | L216: =J216-K216 -> 0.3074 | M216: =IF(D216="город респ. значения","",H216) -> 10.226067 | N216: =IF(D216="город респ. значения","",G216) -> 40494
A217: 7100 | B217: г. Астана | C217: г. Астана | D217: город респ. значения | E217: =SUMIFS('Площадь МСХ'!$D:$D,'Площадь МСХ'!$E:$E,A217) -> 79.7 | F217: =E217*10 -> 797 | G217: =SUMIFS('РПН по МО'!$E:$E,'РПН по МО'!$F:$F,A217) -> 1682319 | H217: =IF(G217>0,G217/F217,"") -> 2110.8143 | I217: =IF(G217>0,ROUND(1+$I$3*$I$4/H217,4),"") -> 1.0024 | J217: =IF(D217="район",MIN(I217,2),IF(D217="город респ. значения",1,IF(D217="областной центр",1,1.5))) -> 1 | K217: 1 | L217: =J217-K217 -> 0 | M217: =IF(D217="город респ. значения","",H217) | N217: =IF(D217="город респ. значения","",G217)
A218: 7500 | B218: г. Алматы | C218: г. Алматы | D218: город респ. значения | E218: =SUMIFS('Площадь МСХ'!$D:$D,'Площадь МСХ'!$E:$E,A218) -> 68.3 | F218: =E218*10 -> 683 | G218: =SUMIFS('РПН по МО'!$E:$E,'РПН по МО'!$F:$F,A218) -> 2374520 | H218: =IF(G218>0,G218/F218,"") -> 3476.6032 | I218: =IF(G218>0,ROUND(1+$I$3*$I$4/H218,4),"") -> 1.0015 | J218: =IF(D218="район",MIN(I218,2),IF(D218="город респ. значения",1,IF(D218="областной центр",1,1.5))) -> 1 | K218: 1 | L218: =J218-K218 -> 0 | M218: =IF(D218="город респ. значения","",H218) | N218: =IF(D218="город респ. значения","",G218)
A219: 7900 | B219: г. Шымкент | C219: г. Шымкент | D219: город респ. значения | E219: =SUMIFS('Площадь МСХ'!$D:$D,'Площадь МСХ'!$E:$E,A219) -> 116.3 | F219: =E219*10 -> 1163 | G219: =SUMIFS('РПН по МО'!$E:$E,'РПН по МО'!$F:$F,A219) -> 1286518 | H219: =IF(G219>0,G219/F219,"") -> 1106.2064 | I219: =IF(G219>0,ROUND(1+$I$3*$I$4/H219,4),"") -> 1.0046 | J219: =IF(D219="район",MIN(I219,2),IF(D219="город респ. значения",1,IF(D219="областной центр",1,1.5))) -> 1 | K219: 1 | L219: =J219-K219 -> 0 | M219: =IF(D219="город респ. значения","",H219) | N219: =IF(D219="город респ. значения","",G219)
A221: Кплотн по приказу № 309: районы – по формуле, не выше 2,0; моногорода и малые города – 1,5; областные центры, города республиканского значения и столица – 1,0.
A222: Тип территории: моногорода и малые города – по Концепции регионального развития на 2025–2030 годы (в т.ч. г. Алатау), совпадает с перечнем 1,5 в приказе № 170.
A223: Район Марқакөл: своей МО в РПН нет; численность 6 285 чел. выведена из прикреплённого населения Курчумской РБ, у Курчумского района уменьшена на ту же величину.
A224: Новые АТЕ (Жаңасемей, Мақаншы, Алатау, Марқакөл, Үлкен Нарын) в приказе № 170 отсутствуют – для сравнения принят коэффициент территории-источника.

Sheet РПН по МО
A1: Прикреплённое население по МО (ЦС «РПН» на 01.01.2026), район МО и источник данных
A3: № | B3: Область (РПН) | C3: Наименование МО | D3: БИН | E3: Прикреплённое население | F3: Код района | G3: Район (по коду) | H3: КАТО (18.09.2026) | I3: Влияет на Кплотн | J3: Источник данных (примечание) | K3: Ссылка
A4: 1 | B4: АБАЙ | C4: "Коммунальное госудаственное предприятие на праве хозяйственного ведения "Аксуатская районная больница" управления здравоохранения области Абай" | D4: 80640003228 | E4: 16638 | F4: 1034 | G4: =IFERROR(INDEX('Расчет Кплотн'!$C:$C,MATCH(F4,'Расчет Кплотн'!$A:$A,0)),"код не найден") -> район Ақсуат | H4: 103430100 | I4: да | J4: КАТО местонахождения МО по ЦС «РПН» (выгрузка от 04.10.2026), соответствует КАТО 18.09.2026
A5: 2 | B5: АБАЙ | C5: Учреждение "Семейная амбулатория "Азат" | D5: 970440001312 | E5: 3051 | F5: 1042 | G5: =IFERROR(INDEX('Расчет Кплотн'!$C:$C,MATCH(F5,'Расчет Кплотн'!$A:$A,0)),"код не найден") -> Жарминский район | H5: 104230100 | I5: да | J5: КАТО местонахождения МО по ЦС «РПН» (выгрузка от 04.10.2026), соответствует КАТО 18.09.2026
A6: 3 | B6: АБАЙ | C6: У-е "Сельская амбулатория "Гармония" | D6: 980240018349 | E6: 1800 | F6: 1041 | G6: =IFERROR(INDEX('Расчет Кплотн'!$C:$C,MATCH(F6,'Расчет Кплотн'!$A:$A,0)),"код не найден") -> район Жаңасемей | I6: да | J6: КАТО в ЦС «РПН» не указан; район Жаңасемей (по наименованию и КАТО 18.09.2026)
A7: 4 | B7: АБАЙ | C7: У-е "Поликлиника "Хаким" | D7: 970340000417 | E7: 11712 | F7: 1010 | G7: =IFERROR(INDEX('Расчет Кплотн'!$C:$C,MATCH(F7,'Расчет Кплотн'!$A:$A,0)),"код не найден") -> Семей | H7: 101010000 | I7: нет | J7: КАТО местонахождения МО по ЦС «РПН» (выгрузка от 04.10.2026), соответствует КАТО 18.09.2026
A8: 5 | B8: АБАЙ | C8: У-е "Консультативно-диагностическая поликлиника № 3 города Семей" | D8: 130640005216 | E8: 19280 | F8: 1010 | G8: =IFERROR(INDEX('Расчет Кплотн'!$C:$C,MATCH(F8,'Расчет Кплотн'!$A:$A,0)),"код не найден") -> Семей | H8: 101010000 | I8: нет | J8: КАТО местонахождения МО по ЦС «РПН» (выгрузка от 04.10.2026), соответствует КАТО 18.09.2026
A9: 6 | B9: АБАЙ | C9: ТОО "Семейская железнодорожная больница" | D9: 180440021408 | E9: 35836 | F9: 1010 | G9: =IFERROR(INDEX('Расчет Кплотн'!$C:$C,MATCH(F9,'Расчет Кплотн'!$A:$A,0)),"код не найден") -> Семей | H9: 101010000 | I9: нет | J9: КАТО местонахождения МО по ЦС «РПН» (выгрузка от 04.10.2026), соответствует КАТО 18.09.2026
A10: 7 | B10: АБАЙ | C10: ТОО "Поликлиника №6 города Семей" | D10: 130740008581 | E10: 40134 | F10: 1010 | G10: =IFERROR(INDEX('Расчет Кплотн'!$C:$C,MATCH(F10,'Расчет Кплотн'!$A:$A,0)),"код не найден") -> Семей | H10: 101010000 | I10: нет | J10: КАТО местонахождения МО по ЦС «РПН» (выгрузка от 04.10.2026), соответствует КАТО 18.09.2026
A11: 8 | B11: АБАЙ | C11: ТОО "Клиника iv plus" | D11: 90940007481 | E11: 6545 | F11: 1010 | G11: =IFERROR(INDEX('Расчет Кплотн'!$C:$C,MATCH(F11,'Расчет Кплотн'!$A:$A,0)),"код не найден") -> Семей | H11: 101010000 | I11: нет | J11: КАТО местонахождения МО по ЦС «РПН» (выгрузка от 04.10.2026), соответствует КАТО 18.09.2026
A12: 9 | B12: АБАЙ | C12: ТОО "Қазығұл" | D12: 970140005506 | E12: 12766 | F12: 1036 | G12: =IFERROR(INDEX('Расчет Кплотн'!$C:$C,MATCH(F12,'Расчет Кплотн'!$A:$A,0)),"код не найден") -> Аягозский район | H12: 103620100 | I12: да | J12: КАТО местонахождения МО по ЦС «РПН» (выгрузка от 04.10.2026), соответствует КАТО 18.09.2026
A13: 10 | B13: АБАЙ | C13: ТОО "Жан-Ер" | D13: 51140004661 | E13: 9433 | F13: 1010 | G13: =IFERROR(INDEX('Расчет Кплотн'!$C:$C,MATCH(F13,'Расчет Кплотн'!$A:$A,0)),"код не найден") -> Семей | H13: 101010000 | I13: нет | J13: КАТО местонахождения МО по ЦС «РПН» (выгрузка от 04.10.2026), соответствует КАТО 18.09.2026
A14: 11 | B14: АБАЙ | C14: МУ "Центральная смотровая поликлиника" | D14: 50740001874 | E14: 17699 | F14: 1010 | G14: =IFERROR(INDEX('Расчет Кплотн'!$C:$C,MATCH(F14,'Расчет Кплотн'!$A:$A,0)),"код не найден") -> Семей | H14: 101010000 | I14: нет | J14: КАТО местонахождения МО по ЦС «РПН» (выгрузка от 04.10.2026), соответствует КАТО 18.09.2026
A15: 12 | B15: АБАЙ | C15: Медицинское учреждение "Поликлиника № 8 города Семей" | D15: 191140014657 | E15: 9227 | F15: 1010 | G15: =IFERROR(INDEX('Расчет Кплотн'!$C:$C,MATCH(F15,'Расчет Кплотн'!$A:$A,0)),"код не найден") -> Семей | H15: 101010000 | I15: нет | J15: КАТО местонахождения МО по ЦС «РПН» (выгрузка от 04.10.2026), соответствует КАТО 18.09.2026
A16: 13 | B16: АБАЙ | C16: Медицинское У-е "Победа" | D16: 980640000350 | E16: 9841 | F16: 1010 | G16: =IFERROR(INDEX('Расчет Кплотн'!$C:$C,MATCH(F16,'Расчет Кплотн'!$A:$A,0)),"код не найден") -> Семей | H16: 101010000 | I16: нет | J16: КАТО местонахождения МО по ЦС «РПН» (выгрузка от 04.10.2026), соответствует КАТО 18.09.2026
A17: 14 | B17: АБАЙ | C17: Коммунальное государственное предприятие на праве хозяйственного ведения «Многопрофильная центральная районная больница Урджарского района» управления здравоохранения области Абай | D17: 80640010558 | E17: 34662 | F17: 1046 | G17: =IFERROR(INDEX('Расчет Кплотн'!$C:$C,MATCH(F17,'Расчет Кплотн'!$A:$A,0)),"код не найден") -> Урджарский район | H17: 104630100 | I17: да | J17: КАТО местонахождения МО по ЦС «РПН» (выгрузка от 04.10.2026), соответствует КАТО 18.09.2026
A18: 15 | B18: АБАЙ | C18: Коммунальное государственное предприятие на праве хозяйственного ведения «Бескарагайская районная больница» управления здравоохранения области Абай | D18: 80640010372 | E18: 14632 | F18: 1038 | G18: =IFERROR(INDEX('Расчет Кплотн'!$C:$C,MATCH(F18,'Расчет Кплотн'!$A:$A,0)),"код не найден") -> Бескарагайский район | H18: 103830100 | I18: да | J18: КАТО местонахождения МО по ЦС «РПН» (выгрузка от 04.10.2026), соответствует КАТО 18.09.2026
... A23: 20 | B23: АБАЙ | C23: КГП на ПХВ «Центр первичной медико-санитарной помощи № 10 города Семей» управления здравоохранения области Абай | D23: 990340000758 | E23: 13963 | F23: 1010 | G23: =IFERROR(INDEX('Расчет Кплотн'!$C:$C,MATCH(F23,'Расчет Кплотн'!$A:$A,0)),"код не найден") -> Семей | H23: 101010000 | I23: нет | J23: КАТО местонахождения МО по ЦС «РПН» (выгрузка от 04.10.2026), соответствует КАТО 18.09.2026
A24: 21 | B24: АБАЙ | C24: КГП на ПХВ "Больница района Жаңасемей" управления здравоохранения области Абай | D24: 80740000693 | E24: 1968 | F24: 1041 | G24: =IFERROR(INDEX('Расчет Кплотн'!$C:$C,MATCH(F24,'Расчет Кплотн'!$A:$A,0)),"код не найден") -> район Жаңасемей | I24: да | J24: КАТО в ЦС «РПН» не указан; по наименованию МО
A25: 22 | B25: АБАЙ | C25: КГП на ПХВ "Бородулихинская районная больница" управления здравоохранения области Абай | D25: 80640019859 | E25: 28478 | F25: 1040 | G25: =IFERROR(INDEX('Расчет Кплотн'!$C:$C,MATCH(F25,'Расчет Кплотн'!$A:$A,0)),"код не найден") -> Бородулихинский район | H25: 104030100 | I25: да | J25: КАТО местонахождения МО по ЦС «РПН» (выгрузка от 04.10.2026), соответствует КАТО 18.09.2026
A26: 23 | B26: АБАЙ | C26: КГП на ПХВ "Жарминская районная больница" УЗ области Абай | D26: 80640003505 | E26: 17443 | F26: 1042 | G26: =IFERROR(INDEX('Расчет Кплотн'!$C:$C,MATCH(F26,'Расчет Кплотн'!$A:$A,0)),"код не найден") -> Жарминский район | H26: 104230100 | I26: да | J26: КАТО местонахождения МО по ЦС «РПН» (выгрузка от 04.10.2026), соответствует КАТО 18.09.2026
A27: 24 | B27: АБАЙ | C27: КГП на ПХВ "Кокпектинская районная больница" управления здравоохранения области Абай | D27: 80640010736 | E27: 11645 | F27: 1044 | G27: =IFERROR(INDEX('Расчет Кплотн'!$C:$C,MATCH(F27,'Расчет Кплотн'!$A:$A,0)),"код не найден") -> Кокпектинский район | H27: 104430100 | I27: да | J27: КАТО местонахождения МО по ЦС «РПН» (выгрузка от 04.10.2026), соответствует КАТО 18.09.2026
A28: 25 | B28: АБАЙ | C28: КГП на ПХВ "Поликлиника № 1 города Семей" управления здравоохранения области Абай | D28: 80540020185 | E28: 37985 | F28: 1010 | G28: =IFERROR(INDEX('Расчет Кплотн'!$C:$C,MATCH(F28,'Расчет Кплотн'!$A:$A,0)),"код не найден") -> Семей | H28: 101010000 | I28: нет | J28: КАТО местонахождения МО по ЦС «РПН» (выгрузка от 04.10.2026), соответствует КАТО 18.09.2026
A29: 26 | B29: АБАЙ | C29: КГП на ПХВ "Абайская районная больница" УЗ области Абай | D29: 990240001831 | E29: 10869 | F29: 1032 | G29: =IFERROR(INDEX('Расчет Кплотн'!$C:$C,MATCH(F29,'Расчет Кплотн'!$A:$A,0)),"код не найден") -> Абайский район | H29: 103230100 | I29: да | J29: КАТО местонахождения МО по ЦС «РПН» (выгрузка от 04.10.2026), соответствует КАТО 18.09.2026
A30: 27 | B30: АБАЙ | C30: КГП на ПХВ "Поликлиника № 7 города Семей" управления здравоохранения области Абай | D30: 990340001914 | E30: 34028 | F30: 1010 | G30: =IFERROR(INDEX('Расчет Кплотн'!$C:$C,MATCH(F30,'Расчет Кплотн'!$A:$A,0)),"код не найден") -> Семей | H30: 101010000 | I30: нет | J30: КАТО местонахождения МО по ЦС «РПН» (выгрузка от 04.10.2026), соответствует КАТО 18.09.2026
A31: 28 | B31: АБАЙ | C31: КГП на ПХВ "Поликлиника № 9 города Семей" управления здравоохранения области Абай | D31: 80640000888 | E31: 34478 | F31: 1010 | G31: =IFERROR(INDEX('Расчет Кплотн'!$C:$C,MATCH(F31,'Расчет Кплотн'!$A:$A,0)),"код не найден") -> Семей | H31: 101010000 | I31: нет | J31: КАТО местонахождения МО по ЦС «РПН» (выгрузка от 04.10.2026), соответствует КАТО 18.09.2026
A32: 29 | B32: АБАЙ | C32: КГП на ПХВ "Центр первичной медико-санитарной помощи №12 города Семей" управления здравоохранения области Абай | D32: 990340002605 | E32: 15193 | F32: 1010 | G32: =IFERROR(INDEX('Расчет Кплотн'!$C:$C,MATCH(F32,'Расчет Кплотн'!$A:$A,0)),"код не найден") -> Семей | H32: 101010000 | I32: нет | J32: КАТО местонахождения МО по ЦС «РПН» (выгрузка от 04.10.2026), соответствует КАТО 18.09.2026
A33: 30 | B33: АБАЙ | C33: КГП на ПХВ "Шарская городская больница" управления здравоохранения области Абай | D33: 80640006916 | E33: 11473 | F33: 1042 | G33: =IFERROR(INDEX('Расчет Кплотн'!$C:$C,MATCH(F33,'Расчет Кплотн'!$A:$A,0)),"код не найден") -> Жарминский район | H33: 104221100 | I33: да | J33: КАТО местонахождения МО по ЦС «РПН» (выгрузка от 04.10.2026), соответствует КАТО 18.09.2026
A34: 31 | B34: АБАЙ | C34: КГП на ПХВ «Курчатовская городская больница» управления здравоохранения области Абай | D34: 11240001762 | E34: 9984 | F34: 1018 | G34: =IFERROR(INDEX('Расчет Кплотн'!$C:$C,MATCH(F34,'Расчет Кплотн'!$A:$A,0)),"код не найден") -> Курчатов | H34: 101810000 | I34: нет | J34: КАТО местонахождения МО по ЦС «РПН» (выгрузка от 04.10.2026), соответствует КАТО 18.09.2026
A35: 32 | B35: АБАЙ | C35: КГП на ПХВ "Поликлиника № 4 города Семей" управления здравоохранения области Абай | D35: 80640009455 | E35: 25495 | F35: 1010 | G35: =IFERROR(INDEX('Расчет Кплотн'!$C:$C,MATCH(F35,'Расчет Кплотн'!$A:$A,0)),"код не найден") -> Семей | H35: 101010000 | I35: нет | J35: КАТО местонахождения МО по ЦС «РПН» (выгрузка от 04.10.2026), соответствует КАТО 18.09.2026
A36: 33 | B36: АКМОЛИНСКАЯ | C36: ГКПнаПХВ «Егиндыкольская районная больница» при управлении здравоохранения Акмолинской области | D36: 40640003220 | E36: 4948 | F36: 1144 | G36: =IFERROR(INDEX('Расчет Кплотн'!$C:$C,MATCH(F36,'Расчет Кплотн'!$A:$A,0)),"код не найден") -> Егиндыкольский район | H36: 114430100 | I36: да | J36: КАТО местонахождения МО по ЦС «РПН» (выгрузка от 04.10.2026), соответствует КАТО 18.09.2026
... A40: 37 | B40: АКМОЛИНСКАЯ | C40: Государственное коммунальное предприятие на праве хозяйственного ведения "Центр первичной медико - санитарной помощи" при управлении здравоохранения Акмолинской области | D40: 990640001509 | E40: 15621 | F40: 1110 | G40: =IFERROR(INDEX('Расчет Кплотн'!$C:$C,MATCH(F40,'Расчет Кплотн'!$A:$A,0)),"код не найден") -> Кокшетау | H40: 111033100 | I40: нет | J40: КАТО местонахождения МО по ЦС «РПН» (выгрузка от 04.10.2026), соответствует КАТО 18.09.2026
A41: 38 | B41: АКМОЛИНСКАЯ | C41: ТОО "Клиника Эндохирургии" | E41: 13446 | F41: 1166 | G41: =IFERROR(INDEX('Расчет Кплотн'!$C:$C,MATCH(F41,'Расчет Кплотн'!$A:$A,0)),"код не найден") -> Целиноградский район | H41: 116645100 | I41: да | J41: КАТО местонахождения МО по ЦС «РПН» (выгрузка от 04.10.2026), соответствует КАТО 18.09.2026
A42: 39 | B42: АКМОЛИНСКАЯ | C42: ТОО "Клиника Панацея" | E42: 24854 | F42: 1110 | G42: =IFERROR(INDEX('Расчет Кплотн'!$C:$C,MATCH(F42,'Расчет Кплотн'!$A:$A,0)),"код не найден") -> Кокшетау | H42: 111010000 | I42: нет | J42: КАТО местонахождения МО по ЦС «РПН» (выгрузка от 04.10.2026), соответствует КАТО 18.09.2026
A43: 40 | B43: АКМОЛИНСКАЯ | C43: ТОО "Кокшетауская железнодорожная больница" | D43: 180440020241 | E43: 13810 | F43: 1110 | G43: =IFERROR(INDEX('Расчет Кплотн'!$C:$C,MATCH(F43,'Расчет Кплотн'!$A:$A,0)),"код не найден") -> Кокшетау | H43: 111010000 | I43: нет | J43: КАТО местонахождения МО по ЦС «РПН» (выгрузка от 04.10.2026), соответствует КАТО 18.09.2026
A44: 41 | B44: АКМОЛИНСКАЯ | C44: ТОО "ПОЛИКЛИНИКА "CITY" с.Кызылжар | E44: 2212 | F44: 1166 | G44: =IFERROR(INDEX('Расчет Кплотн'!$C:$C,MATCH(F44,'Расчет Кплотн'!$A:$A,0)),"код не найден") -> Целиноградский район | H44: 116665400 | I44: да | J44: КАТО местонахождения МО по ЦС «РПН» (выгрузка от 04.10.2026), соответствует КАТО 18.09.2026
A45: 42 | B45: АКМОЛИНСКАЯ | C45: Филиал товарищества с ограниченной ответственностью "VIAMEDIS" в городе Кокшетау | D45: 200741010148 | E45: 154860 | F45: 1110 | G45: =IFERROR(INDEX('Расчет Кплотн'!$C:$C,MATCH(F45,'Расчет Кплотн'!$A:$A,0)),"код не найден") -> Кокшетау | H45: 111010000 | I45: нет | J45: КАТО местонахождения МО по ЦС «РПН» (выгрузка от 04.10.2026), соответствует КАТО 18.09.2026
A46: 43 | B46: АКМОЛИНСКАЯ | C46: ГКП на ПХВ «Коргалжынская районная больница» при управлении здравоохранения Акмолинской области | D46: 40540002962 | E46: 6868 | F46: 1160 | G46: =IFERROR(INDEX('Расчет Кплотн'!$C:$C,MATCH(F46,'Расчет Кплотн'!$A:$A,0)),"код не найден") -> Коргалжынский район | H46: 116030100 | I46: да | J46: КАТО местонахождения МО по ЦС «РПН» (выгрузка от 04.10.2026), соответствует КАТО 18.09.2026
A47: 44 | B47: АКМОЛИНСКАЯ | C47: ТОО "Казахстанская социально-медицинская компания "Жанұя" Акмолинская область (производственная база) | E47: 29170 | F47: 1116 | G47: =IFERROR(INDEX('Расчет Кплотн'!$C:$C,MATCH(F47,'Расчет Кплотн'!$A:$A,0)),"код не найден") -> Косшы | H47: 116651100 | I47: нет | J47: КАТО в ЦС «РПН» 116651100 – прежний код с. Косшы (до образования Косшы Г.А.); в КАТО 18.09.2026 – г. Косшы (111610000)
A48: 45 | B48: АКМОЛИНСКАЯ | C48: ГКП на ПХВ «Ерейментауская районная больница» при управлении здравоохранения Акмолинской области | D48: 40540003019 | E48: 21873 | F48: 1146 | G48: =IFERROR(INDEX('Расчет Кплотн'!$C:$C,MATCH(F48,'Расчет Кплотн'!$A:$A,0)),"код не найден") -> Ерейментауский район | H48: 114620100 | I48: да | J48: КАТО местонахождения МО по ЦС «РПН» (выгрузка от 04.10.2026), соответствует КАТО 18.09.2026
A49: 46 | B49: АКМОЛИНСКАЯ | C49: ГКП на ПХВ "Есильская районная больница" при управлении здравоохранения Акмолинской области | D49: 40440004053 | E49: 20048 | F49: 1148 | G49: =IFERROR(INDEX('Расчет Кплотн'!$C:$C,MATCH(F49,'Расчет Кплотн'!$A:$A,0)),"код не найден") -> Есильский район | H49: 114820100 | I49: да | J49: КАТО местонахождения МО по ЦС «РПН» (выгрузка от 04.10.2026), соответствует КАТО 18.09.2026
A50: 47 | B50: АКМОЛИНСКАЯ | C50: ГКП на ПХВ "Целиноградская районная поликлиника" при управлении здравоохранения Акмолинской области . | D50: 70440005027 | E50: 51236 | F50: 1166 | G50: =IFERROR(INDEX('Расчет Кплотн'!$C:$C,MATCH(F50,'Расчет Кплотн'!$A:$A,0)),"код не найден") -> Целиноградский район | H50: 116630100 | I50: да | J50: КАТО местонахождения МО по ЦС «РПН» (выгрузка от 04.10.2026), соответствует КАТО 18.09.2026
A51: 48 | B51: АКМОЛИНСКАЯ | C51: ГКП на ПХВ "Шортандинская районная больница" при управлении здравоохранения Акмолинской области. | D51: 40540002883 | E51: 26416 | F51: 1168 | G51: =IFERROR(INDEX('Расчет Кплотн'!$C:$C,MATCH(F51,'Расчет Кплотн'!$A:$A,0)),"код не найден") -> Шортандинский район | H51: 116830100 | I51: да | J51: КАТО местонахождения МО по ЦС «РПН» (выгрузка от 04.10.2026), соответствует КАТО 18.09.2026
A52: 49 | B52: АКМОЛИНСКАЯ | C52: ГКП на ПХВ "Аккольская районная больница" при управлении здравоохранения Акмолинской области | D52: 40540002972 | E52: 22417 | F52: 1132 | G52: =IFERROR(INDEX('Расчет Кплотн'!$C:$C,MATCH(F52,'Расчет Кплотн'!$A:$A,0)),"код не найден") -> Аккольский район | H52: 113220100 | I52: да | J52: КАТО местонахождения МО по ЦС «РПН» (выгрузка от 04.10.2026), соответствует КАТО 18.09.2026
A53: 50 | B53: АКМОЛИНСКАЯ | C53: ГКП на ПХВ "Астраханская районная больница" при управлении здравоохранения Акмолинской области | D53: 40440004480 | E53: 18492 | F53: 1136 | G53: =IFERROR(INDEX('Расчет Кплотн'!$C:$C,MATCH(F53,'Расчет Кплотн'!$A:$A,0)),"код не найден") -> Астраханский район | H53: 113630100 | I53: да | J53: КАТО местонахождения МО по ЦС «РПН» (выгрузка от 04.10.2026), соответствует КАТО 18.09.2026
A54: 51 | B54: АКМОЛИНСКАЯ | C54: ГКП на ПХВ "Буландынская районная больница" при управлении здравоохранения Акмолинской области | D54: 40540002912 | E54: 27446 | F54: 1140 | G54: =IFERROR(INDEX('Расчет Кплотн'!$C:$C,MATCH(F54,'Расчет Кплотн'!$A:$A,0)),"код не найден") -> Буландынский район | H54: 114020100 | I54: да | J54: КАТО местонахождения МО по ЦС «РПН» (выгрузка от 04.10.2026), соответствует КАТО 18.09.2026
A55: 52 | B55: АКМОЛИНСКАЯ | C55: ГКП на ПХВ "Бурабайская районная поликлиника" при управлении здравоохранения Акмолинской области | D55: 70240006721 | E55: 70331 | F55: 1170 | G55: =IFERROR(INDEX('Расчет Кплотн'!$C:$C,MATCH(F55,'Расчет Кплотн'!$A:$A,0)),"код не найден") -> Бурабайский район | H55: 117020100 | I55: да | J55: КАТО местонахождения МО по ЦС «РПН» (выгрузка от 04.10.2026), соответствует КАТО 18.09.2026
A56: 53 | B56: АКМОЛИНСКАЯ | C56: ГКП на ПХВ "Атбасарская многопрофильная межрайонная больница" при управлении здравоохранения Акмолинской области | D56: 40440000299 | E56: 43140 | F56: 1138 | G56: =IFERROR(INDEX('Расчет Кплотн'!$C:$C,MATCH(F56,'Расчет Кплотн'!$A:$A,0)),"код не найден") -> Атбасарский район | H56: 113820100 | I56: да | J56: КАТО местонахождения МО по ЦС «РПН» (выгрузка от 04.10.2026), соответствует КАТО 18.09.2026
A57: 54 | B57: АКМОЛИНСКАЯ | C57: ГКП на ПХВ "Жаксынская районная больница" при управлении здравоохранения Акмолинской области | D57: 40540002942 | E57: 14365 | F57: 1152 | G57: =IFERROR(INDEX('Расчет Кплотн'!$C:$C,MATCH(F57,'Расчет Кплотн'!$A:$A,0)),"код не найден") -> Жаксынский район | H57: 115230100 | I57: да | J57: КАТО местонахождения МО по ЦС «РПН» (выгрузка от 04.10.2026), соответствует КАТО 18.09.2026
A58: 55 | B58: АКМОЛИНСКАЯ | C58: ГКП на ПХВ "Жаркаинская районная больница" при управлении здравоохранения Акмолинской области | D58: 50340004933 | E58: 11920 | F58: 1154 | G58: =IFERROR(INDEX('Расчет Кплотн'!$C:$C,MATCH(F58,'Расчет Кплотн'!$A:$A,0)),"код не найден") -> Жаркаинский район | H58: 115420100 | I58: да | J58: КАТО местонахождения МО по ЦС «РПН» (выгрузка от 04.10.2026), соответствует КАТО 18.09.2026
A59: 56 | B59: АКМОЛИНСКАЯ | C59: ГКП на ПХВ "Зерендинская районная больница" при управлении здравоохранения Акмолинской области | D59: 90340006957 | E59: 20255 | F59: 1156 | G59: =IFERROR(INDEX('Расчет Кплотн'!$C:$C,MATCH(F59,'Расчет Кплотн'!$A:$A,0)),"код не найден") -> Зерендинский район | H59: 115630100 | I59: да | J59: КАТО местонахождения МО по ЦС «РПН» (выгрузка от 04.10.2026), соответствует КАТО 18.09.2026
... A75: 72 | B75: АКТЮБИНСКАЯ | C75: У-е "Больница "Шапағат" | D75: 960340000564 | E75: 5507 | F75: 1548 | G75: =IFERROR(INDEX('Расчет Кплотн'!$C:$C,MATCH(F75,'Расчет Кплотн'!$A:$A,0)),"код не найден") -> Мугалжарский район | H75: 154820100 | I75: да | J75: КАТО местонахождения МО по ЦС «РПН» (выгрузка от 04.10.2026), соответствует КАТО 18.09.2026
A76: 73 | B76: АКТЮБИНСКАЯ | C76: У-е "Медикус Центр" | D76: 981240004163 | E76: 23868 | F76: 1510 | G76: =IFERROR(INDEX('Расчет Кплотн'!$C:$C,MATCH(F76,'Расчет Кплотн'!$A:$A,0)),"код не найден") -> Актобе | I76: нет | J76: КАТО в ЦС «РПН» не указан; предварительно г. Актобе (областной центр) – требует подтверждения
A77: 74 | B77: АКТЮБИНСКАЯ | C77: Учреждение "Баишев мед" | D77: 190240016872 | E77: 6125 | F77: 1510 | G77: =IFERROR(INDEX('Расчет Кплотн'!$C:$C,MATCH(F77,'Расчет Кплотн'!$A:$A,0)),"код не найден") -> Актобе | H77: 151010000 | I77: нет | J77: КАТО местонахождения МО по ЦС «РПН» (выгрузка от 04.10.2026), соответствует КАТО 18.09.2026
A78: 75 | B78: АКТЮБИНСКАЯ | C78: Государственное коммунальное предприятие «Городская поликлиника №6» на праве хозяйственного ведения государственного учреждения «Управление здравоохранения Актюбинской области» | D78: 141240016925 | E78: 34725 | F78: 1510 | G78: =IFERROR(INDEX('Расчет Кплотн'!$C:$C,MATCH(F78,'Расчет Кплотн'!$A:$A,0)),"код не найден") -> Актобе | H78: 151011100 | I78: нет | J78: КАТО местонахождения МО по ЦС «РПН» (выгрузка от 04.10.2026), соответствует КАТО 18.09.2026
A79: 76 | B79: АКТЮБИНСКАЯ | C79: ТОО "Куаныш" | D79: 901240000037 | E79: 23569 | F79: 1510 | G79: =IFERROR(INDEX('Расчет Кплотн'!$C:$C,MATCH(F79,'Расчет Кплотн'!$A:$A,0)),"код не найден") -> Актобе | H79: 151010000 | I79: нет | J79: КАТО местонахождения МО по ЦС «РПН» (выгрузка от 04.10.2026), соответствует КАТО 18.09.2026
A80: 77 | B80: АКТЮБИНСКАЯ | C80: Государственное коммунальное предприятие «Городская поликлиника №5» на праве хозяйственного ведения государственного учреждения «Управление здравоохранения Актюбинской области» | D80: 141240017389 | E80: 34180 | F80: 1510 | G80: =IFERROR(INDEX('Расчет Кплотн'!$C:$C,MATCH(F80,'Расчет Кплотн'!$A:$A,0)),"код не найден") -> Актобе | H80: 151010000 | I80: нет | J80: КАТО местонахождения МО по ЦС «РПН» (выгрузка от 04.10.2026), соответствует КАТО 18.09.2026
A81: 78 | B81: АКТЮБИНСКАЯ | C81: ТОО "Biolab Pharm" Premier Med Clinic" | E81: 8461 | F81: 1510 | G81: =IFERROR(INDEX('Расчет Кплотн'!$C:$C,MATCH(F81,'Расчет Кплотн'!$A:$A,0)),"код не найден") -> Актобе | H81: 151010000 | I81: нет | J81: КАТО местонахождения МО по ЦС «РПН» (выгрузка от 04.10.2026), соответствует КАТО 18.09.2026
A82: 79 | B82: АКТЮБИНСКАЯ | C82: Государственное коммунальное предприятие "Уилская районная больница" на праве хозяйственного ведения государственного учреждения "Управление здравоохранения Актюбинской области" | D82: 60440006310 | E82: 12956 | F82: 1552 | G82: =IFERROR(INDEX('Расчет Кплотн'!$C:$C,MATCH(F82,'Расчет Кплотн'!$A:$A,0)),"код не найден") -> Уилский район | H82: 155230100 | I82: да | J82: КАТО местонахождения МО по ЦС «РПН» (выгрузка от 04.10.2026), соответствует КАТО 18.09.2026
A83: 80 | B83: АКТЮБИНСКАЯ | C83: Государственное коммунальное предприятие "Шалкарская районная больница" на праве хозяйственного ведения государственного учреждения "Управление здравоохранения Актюбинской области" | D83: 990140004009 | E83: 38326 | F83: 1564 | G83: =IFERROR(INDEX('Расчет Кплотн'!$C:$C,MATCH(F83,'Расчет Кплотн'!$A:$A,0)),"код не найден") -> Шалкарский район | H83: 156420100 | I83: да | J83: КАТО местонахождения МО по ЦС «РПН» (выгрузка от 04.10.2026), соответствует КАТО 18.09.2026
A84: 81 | B84: АКТЮБИНСКАЯ | C84: ГКП "Айтекебийская районная больница" на праве хозяйственного ведения ГУ "Управление здравоохранения Актюбинской области" | D84: 990240006109 | E84: 18406 | F84: 1534 | G84: =IFERROR(INDEX('Расчет Кплотн'!$C:$C,MATCH(F84,'Расчет Кплотн'!$A:$A,0)),"код не найден") -> Айтекебийский район | H84: 153430100 | I84: да | J84: КАТО местонахождения МО по ЦС «РПН» (выгрузка от 04.10.2026), соответствует КАТО 18.09.2026
A85: 82 | B85: АКТЮБИНСКАЯ | C85: ГКП "Городская многопрофильная больница №2" на ПХВ ГУ "Управление здравоохранения Актюбинской области" | D85: 21140002114 | E85: 51149 | F85: 1510 | G85: =IFERROR(INDEX('Расчет Кплотн'!$C:$C,MATCH(F85,'Расчет Кплотн'!$A:$A,0)),"код не найден") -> Актобе | I85: нет | J85: КАТО в ЦС «РПН» не указан; г. Актобе – по наименованию МО
A86: 83 | B86: АКТЮБИНСКАЯ | C86: ГКП "Городская поликлиника № 7" на ПХВ ГУ "Управление здравоохранения Актюбинской области" | D86: 201240014655 | E86: 38266 | F86: 1510 | G86: =IFERROR(INDEX('Расчет Кплотн'!$C:$C,MATCH(F86,'Расчет Кплотн'!$A:$A,0)),"код не найден") -> Актобе | H86: 151010000 | I86: нет | J86: КАТО местонахождения МО по ЦС «РПН» (выгрузка от 04.10.2026), соответствует КАТО 18.09.2026
A87: 84 | B87: АКТЮБИНСКАЯ | C87: ГКП "Городская поликлиника №1" на ПХВ ГУ "Управление здравоохранения Актюбинской области" | D87: 740002655 | E87: 58057 | F87: 1510 | G87: =IFERROR(INDEX('Расчет Кплотн'!$C:$C,MATCH(F87,'Расчет Кплотн'!$A:$A,0)),"код не найден") -> Актобе | H87: 151010000 | I87: нет | J87: КАТО местонахождения МО по ЦС «РПН» (выгрузка от 04.10.2026), соответствует КАТО 18.09.2026
A88: 85 | B88: АКТЮБИНСКАЯ | C88: ГКП "Городская поликлиника №4" на праве хозяйственного ведения ГУ "Управление здравоохранения Актюбинской области" | D88: 20640002615 | E88: 66570 | F88: 1510 | G88: =IFERROR(INDEX('Расчет Кплотн'!$C:$C,MATCH(F88,'Расчет Кплотн'!$A:$A,0)),"код не найден") -> Актобе | H88: 151010000 | I88: нет | J88: КАТО местонахождения МО по ЦС «РПН» (выгрузка от 04.10.2026), соответствует КАТО 18.09.2026
A89: 86 | B89: АКТЮБИНСКАЯ | C89: ГКП "Кобдинская районная больница" на праве хозяйственного ведения государственного учреждения "Управление здравоохранения Актюбинской области" | D89: 30340003783 | E89: 14200 | F89: 1542 | G89: =IFERROR(INDEX('Расчет Кплотн'!$C:$C,MATCH(F89,'Расчет Кплотн'!$A:$A,0)),"код не найден") -> Хобдинский район | H89: 154230100 | I89: да | J89: КАТО местонахождения МО по ЦС «РПН» (выгрузка от 04.10.2026), соответствует КАТО 18.09.2026
A90: 87 | B90: АКТЮБИНСКАЯ | C90: ГКП "Мартукская районная больница" на праве хозяйственного ведения государственного учреждения "Управление здравоохранения Актюбинской области" | D90: 990240006713 | E90: 27434 | F90: 1546 | G90: =IFERROR(INDEX('Расчет Кплотн'!$C:$C,MATCH(F90,'Расчет Кплотн'!$A:$A,0)),"код не найден") -> Мартукский район | H90: 154630100 | I90: да | J90: КАТО местонахождения МО по ЦС «РПН» (выгрузка от 04.10.2026), соответствует КАТО 18.09.2026
A91: 88 | B91: АКТЮБИНСКАЯ | C91: ГКП "Мугалжарская районная больница" на ПХВ ГУ "Управление здравоохранения Актюбинской области" | D91: 990140003021 | E91: 34564 | F91: 1548 | G91: =IFERROR(INDEX('Расчет Кплотн'!$C:$C,MATCH(F91,'Расчет Кплотн'!$A:$A,0)),"код не найден") -> Мугалжарский район | H91: 154820100 | I91: да | J91: КАТО местонахождения МО по ЦС «РПН» (выгрузка от 04.10.2026), соответствует КАТО 18.09.2026
A92: 89 | B92: АКТЮБИНСКАЯ | C92: ГКП "Байганинская районная больница" на праве хозяйственного ведения государственного учреждения "Управление здравоохранения Актюбинской области" | D92: 60140002367 | E92: 20039 | F92: 1536 | G92: =IFERROR(INDEX('Расчет Кплотн'!$C:$C,MATCH(F92,'Расчет Кплотн'!$A:$A,0)),"код не найден") -> Байганинский район | H92: 153630100 | I92: да | J92: КАТО местонахождения МО по ЦС «РПН» (выгрузка от 04.10.2026), соответствует КАТО 18.09.2026
A93: 90 | B93: АКТЮБИНСКАЯ | C93: ГКП "Центр первичной медико-санитарной помощи №1 города Актобе" на ПХВ ГУ "Управление здравоохранения Актюбинской области" | D93: 170340003910 | E93: 16236 | F93: 1510 | G93: =IFERROR(INDEX('Расчет Кплотн'!$C:$C,MATCH(F93,'Расчет Кплотн'!$A:$A,0)),"код не найден") -> Актобе | H93: 151010000 | I93: нет | J93: КАТО местонахождения МО по ЦС «РПН» (выгрузка от 04.10.2026), соответствует КАТО 18.09.2026
A94: 91 | B94: АКТЮБИНСКАЯ | C94: ГКП «Эмбинская районная больница» на праве хозяйственного ведения государственного учреждения «Управление здравоохранения Актюбинской области» | D94: 990140001421 | E94: 17833 | F94: 1548 | G94: =IFERROR(INDEX('Расчет Кплотн'!$C:$C,MATCH(F94,'Расчет Кплотн'!$A:$A,0)),"код не найден") -> Мугалжарский район | H94: 154823100 | I94: да | J94: КАТО местонахождения МО по ЦС «РПН» (выгрузка от 04.10.2026), соответствует КАТО 18.09.2026
A95: 92 | B95: АКТЮБИНСКАЯ | C95: Государственное коммунальное предприятие "Алгинская районная больница" на праве хозяйственного ведения государственного учреждения "Управление здравоохранения Актюбинской области" | D95: 990140005008 | E95: 39066 | F95: 1532 | G95: =IFERROR(INDEX('Расчет Кплотн'!$C:$C,MATCH(F95,'Расчет Кплотн'!$A:$A,0)),"код не найден") -> Алгинский район | H95: 153220100 | I95: да | J95: КАТО местонахождения МО по ЦС «РПН» (выгрузка от 04.10.2026), соответствует КАТО 18.09.2026
A96: 93 | B96: АКТЮБИНСКАЯ | C96: Государственное коммунальное предприятие "Городская поликлиника №2" на праве хозяйственного ведения государственного учреждения "Управление здравоохранения Актюбинской области" | D96: 20740002074 | E96: 57555 | F96: 1510 | G96: =IFERROR(INDEX('Расчет Кплотн'!$C:$C,MATCH(F96,'Расчет Кплотн'!$A:$A,0)),"код не найден") -> Актобе | H96: 151010000 | I96: нет | J96: КАТО местонахождения МО по ЦС «РПН» (выгрузка от 04.10.2026), соответствует КАТО 18.09.2026
A97: 94 | B97: АКТЮБИНСКАЯ | C97: Государственное коммунальное предприятие "Городская поликлиника №3" на праве хозяйственного ведения государственного учреждения "Управление здравоохранения Актюбинской области" | D97: 990240006258 | E97: 57980 | F97: 1510 | G97: =IFERROR(INDEX('Расчет Кплотн'!$C:$C,MATCH(F97,'Расчет Кплотн'!$A:$A,0)),"код не найден") -> Актобе | H97: 151010000 | I97: нет | J97: КАТО местонахождения МО по ЦС «РПН» (выгрузка от 04.10.2026), соответствует КАТО 18.09.2026
... A100: 97 | B100: АКТЮБИНСКАЯ | C100: Государственное коммунальное предприятие "Каргалинская районная больница" на праве хозяйственного ведения государственного учреждения "Управление здравоохранения Актюбинской области" | D100: 990140004575 | E100: 14498 | F100: 1540 | G100: =IFERROR(INDEX('Расчет Кплотн'!$C:$C,MATCH(F100,'Расчет Кплотн'!$A:$A,0)),"код не найден") -> Каргалинский район | H100: 154030100 | I100: да | J100: КАТО местонахождения МО по ЦС «РПН» (выгрузка от 04.10.2026), соответствует КАТО 18.09.2026
A101: 98 | B101: АЛМАТИНСКАЯ | C101: ТОО "DN Medicus Pharm" | E101: 10546 | F101: 1942 | G101: =IFERROR(INDEX('Расчет Кплотн'!$C:$C,MATCH(F101,'Расчет Кплотн'!$A:$A,0)),"код не найден") -> Жамбылский район | H101: 194230100 | I101: да | J101: КАТО местонахождения МО по ЦС «РПН» (выгрузка от 04.10.2026), соответствует КАТО 18.09.2026
A102: 99 | B102: АЛМАТИНСКАЯ | C102: ТОО "ID Senim R" | D102: 140940024403 | E102: 29122 | F102: 1952 | G102: =IFERROR(INDEX('Расчет Кплотн'!$C:$C,MATCH(F102,'Расчет Кплотн'!$A:$A,0)),"код не найден") -> Карасайский район | H102: 195220100 | I102: да | J102: КАТО местонахождения МО по ЦС «РПН» (выгрузка от 04.10.2026), соответствует КАТО 18.09.2026
A103: 100 | B103: АЛМАТИНСКАЯ | C103: ТОО "iStore" | D103: 171140027556 | E103: 6150 | F103: 1940 | G103: =IFERROR(INDEX('Расчет Кплотн'!$C:$C,MATCH(F103,'Расчет Кплотн'!$A:$A,0)),"код не найден") -> Енбекшиказахский район | H103: 194079100 | I103: да | J103: КАТО местонахождения МО по ЦС «РПН» (выгрузка от 04.10.2026), соответствует КАТО 18.09.2026
A104: 101 | B104: АЛМАТИНСКАЯ | C104: ТОО "KazMed Company" | D104: 220640002598 | E104: 15373 | F104: 1962 | G104: =IFERROR(INDEX('Расчет Кплотн'!$C:$C,MATCH(F104,'Расчет Кплотн'!$A:$A,0)),"код не найден") -> Талгарский район | H104: 196233100 | I104: да | J104: КАТО местонахождения МО по ЦС «РПН» (выгрузка от 04.10.2026), соответствует КАТО 18.09.2026
A105: 102 | B105: АЛМАТИНСКАЯ | C105: ТОО "NOVA INVEST" (НОВА ИНВЕСТ) | D105: 190340023763 | E105: 34490 | F105: 1962 | G105: =IFERROR(INDEX('Расчет Кплотн'!$C:$C,MATCH(F105,'Расчет Кплотн'!$A:$A,0)),"код не найден") -> Талгарский район | H105: 196233100 | I105: да | J105: КАТО местонахождения МО по ЦС «РПН» (выгрузка от 04.10.2026), соответствует КАТО 18.09.2026
A106: 103 | B106: АЛМАТИНСКАЯ | C106: ТОО "Promedical2021" | D106: 210340013878 | E106: 25090 | F106: 1962 | G106: =IFERROR(INDEX('Расчет Кплотн'!$C:$C,MATCH(F106,'Расчет Кплотн'!$A:$A,0)),"код не найден") -> Талгарский район | H106: 196243100 | I106: да | J106: КАТО местонахождения МО по ЦС «РПН» (выгрузка от 04.10.2026), соответствует КАТО 18.09.2026
A107: 104 | B107: АЛМАТИНСКАЯ | C107: ТОО "RGK med" | D107: 211040013146 | E107: 7551 | F107: 1918 | G107: =IFERROR(INDEX('Расчет Кплотн'!$C:$C,MATCH(F107,'Расчет Кплотн'!$A:$A,0)),"код не найден") -> Алатау | H107: 196837100 | I107: нет | J107: г. Алатау – единственный субъект ПМСП города (подтверждено); КАТО в ЦС «РПН» 196837100 – прежний код Илийского района
A108: 105 | B108: АЛМАТИНСКАЯ | C108: ТОО "Городской центр семейной медицины" | D108: 210940026861 | E108: 8700 | F108: 1910 | G108: =IFERROR(INDEX('Расчет Кплотн'!$C:$C,MATCH(F108,'Расчет Кплотн'!$A:$A,0)),"код не найден") -> Қонаев | H108: 191010000 | I108: нет | J108: КАТО местонахождения МО по ЦС «РПН» (выгрузка от 04.10.2026), соответствует КАТО 18.09.2026
A109: 106 | B109: АЛМАТИНСКАЯ | C109: ТОО "Бакай-1" | D109: 160640010476 | E109: 6800 | F109: 1940 | G109: =IFERROR(INDEX('Расчет Кплотн'!$C:$C,MATCH(F109,'Расчет Кплотн'!$A:$A,0)),"код не найден") -> Енбекшиказахский район | H109: 194020100 | I109: да | J109: КАТО местонахождения МО по ЦС «РПН» (выгрузка от 04.10.2026), соответствует КАТО 18.09.2026
A110: 107 | B110: АЛМАТИНСКАЯ | C110: ТОО "Медицинский центр ЖАНҰЯ ЖҰМАБЕК Мед" | D110: 111140017865 | E110: 15110 | F110: 1952 | G110: =IFERROR(INDEX('Расчет Кплотн'!$C:$C,MATCH(F110,'Расчет Кплотн'!$A:$A,0)),"код не найден") -> Карасайский район | H110: 195220100 | I110: да | J110: КАТО местонахождения МО по ЦС «РПН» (выгрузка от 04.10.2026), соответствует КАТО 18.09.2026
A111: 108 | B111: АЛМАТИНСКАЯ | C111: ТОО "ТАХЕТ" | D111: 840004833 | E111: 11909 | F111: 1940 | G111: =IFERROR(INDEX('Расчет Кплотн'!$C:$C,MATCH(F111,'Расчет Кплотн'!$A:$A,0)),"код не найден") -> Енбекшиказахский район | H111: 194067100 | I111: да | J111: КАТО местонахождения МО по ЦС «РПН» (выгрузка от 04.10.2026), соответствует КАТО 18.09.2026
A112: 109 | B112: АЛМАТИНСКАЯ | C112: ТОО "ТОО "Talgar Clinic"" | D112: 200840013507 | E112: 10798 | F112: 1962 | G112: =IFERROR(INDEX('Расчет Кплотн'!$C:$C,MATCH(F112,'Расчет Кплотн'!$A:$A,0)),"код не найден") -> Талгарский район | H112: 196220100 | I112: да | J112: КАТО местонахождения МО по ЦС «РПН» (выгрузка от 04.10.2026), соответствует КАТО 18.09.2026
A113: 110 | B113: АЛМАТИНСКАЯ | C113: ТОО "Daulet medical center" | D113: 40840002735 | E113: 22519 | F113: 1968 | G113: =IFERROR(INDEX('Расчет Кплотн'!$C:$C,MATCH(F113,'Расчет Кплотн'!$A:$A,0)),"код не найден") -> Илийский район | H113: 196835100 | I113: да | J113: КАТО местонахождения МО по ЦС «РПН» (выгрузка от 04.10.2026), соответствует КАТО 18.09.2026
... A115: 112 | B115: АЛМАТИНСКАЯ | C115: ТОО "Алат С" | D115: 20640001111 | E115: 21897 | F115: 1952 | G115: =IFERROR(INDEX('Расчет Кплотн'!$C:$C,MATCH(F115,'Расчет Кплотн'!$A:$A,0)),"код не найден") -> Карасайский район | H115: 195220100 | I115: да | J115: КАТО местонахождения МО по ЦС «РПН» (выгрузка от 04.10.2026), соответствует КАТО 18.09.2026
A116: 113 | B116: АЛМАТИНСКАЯ | C116: ТОО "CK-MED" | E116: 8316 | F116: 1952 | G116: =IFERROR(INDEX('Расчет Кплотн'!$C:$C,MATCH(F116,'Расчет Кплотн'!$A:$A,0)),"код не найден") -> Карасайский район | H116: 195237100 | I116: да | J116: КАТО местонахождения МО по ЦС «РПН» (выгрузка от 04.10.2026), соответствует КАТО 18.09.2026
A117: 114 | B117: АЛМАТИНСКАЯ | C117: ТОО "TabibMed" | D117: 150640009916 | E117: 22682 | F117: 1940 | G117: =IFERROR(INDEX('Расчет Кплотн'!$C:$C,MATCH(F117,'Расчет Кплотн'!$A:$A,0)),"код не найден") -> Енбекшиказахский район | H117: 194020100 | I117: да | J117: КАТО местонахождения МО по ЦС «РПН» (выгрузка от 04.10.2026), соответствует КАТО 18.09.2026
A118: 115 | B118: АЛМАТИНСКАЯ | C118: ТОО "ALMASEMED" | D118: 170740034280 | E118: 4274 | F118: 1952 | G118: =IFERROR(INDEX('Расчет Кплотн'!$C:$C,MATCH(F118,'Расчет Кплотн'!$A:$A,0)),"код не найден") -> Карасайский район | H118: 195220100 | I118: да | J118: КАТО местонахождения МО по ЦС «РПН» (выгрузка от 04.10.2026), соответствует КАТО 18.09.2026
A119: 116 | B119: АЛМАТИНСКАЯ | C119: ТОО "ASMS Farm" | D119: 190440013191 | E119: 5785 | F119: 1962 | G119: =IFERROR(INDEX('Расчет Кплотн'!$C:$C,MATCH(F119,'Расчет Кплотн'!$A:$A,0)),"код не найден") -> Талгарский район | H119: 196245100 | I119: да | J119: КАТО местонахождения МО по ЦС «РПН» (выгрузка от 04.10.2026), соответствует КАТО 18.09.2026
A120: 117 | B120: АЛМАТИНСКАЯ | C120: ГКП на ПВХ "Уйгурская центральная районная больница" ГУ "Управление здравоохранения Алматинской области" | D120: 20240003916 | E120: 52577 | F120: 1966 | G120: =IFERROR(INDEX('Расчет Кплотн'!$C:$C,MATCH(F120,'Расчет Кплотн'!$A:$A,0)),"код не найден") -> Уйгурский район | H120: 196630100 | I120: да | J120: КАТО местонахождения МО по ЦС «РПН» (выгрузка от 04.10.2026), соответствует КАТО 18.09.2026
A121: 118 | B121: АЛМАТИНСКАЯ | C121: ГКП на праве хозяйственного ведения "Городская многопрофильная больница города Қонаев" государственного учреждения "Управление здравоохранения Алматинской области" | D121: 100340013706 | E121: 79776 | F121: 1910 | G121: =IFERROR(INDEX('Расчет Кплотн'!$C:$C,MATCH(F121,'Расчет Кплотн'!$A:$A,0)),"код не найден") -> Қонаев | H121: 191010000 | I121: нет | J121: КАТО местонахождения МО по ЦС «РПН» (выгрузка от 04.10.2026), соответствует КАТО 18.09.2026
A122: 119 | B122: АЛМАТИНСКАЯ | C122: ГКП на ПХВ "Балхашская центральная районная больница" государственного учреждения "Управление здравоохранения Алматинской области" | D122: 20240003847 | E122: 23512 | F122: 1936 | G122: =IFERROR(INDEX('Расчет Кплотн'!$C:$C,MATCH(F122,'Расчет Кплотн'!$A:$A,0)),"код не найден") -> Балхашский район | H122: 193630100 | I122: да | J122: КАТО местонахождения МО по ЦС «РПН» (выгрузка от 04.10.2026), соответствует КАТО 18.09.2026
A123: 120 | B123: АЛМАТИНСКАЯ | C123: ГКП на ПХВ "Районная больница" с.Боралдай Илийского района государственного учреждения "Управления здравоохранения Алматинской области" | D123: 90240011484 | E123: 42044 | F123: 1968 | G123: =IFERROR(INDEX('Расчет Кплотн'!$C:$C,MATCH(F123,'Расчет Кплотн'!$A:$A,0)),"код не найден") -> Илийский район | H123: 196835100 | I123: да | J123: КАТО местонахождения МО по ЦС «РПН» (выгрузка от 04.10.2026), соответствует КАТО 18.09.2026
A124: 121 | B124: АЛМАТИНСКАЯ | C124: ГКП на ПХВ "Талгарская центральная районная больница" ГУ "Управление здравоохранения Алматинской области" | D124: 100240018397 | E124: 208619 | F124: 1962 | G124: =IFERROR(INDEX('Расчет Кплотн'!$C:$C,MATCH(F124,'Расчет Кплотн'!$A:$A,0)),"код не найден") -> Талгарский район | H124: 196220100 | I124: да | J124: КАТО местонахождения МО по ЦС «РПН» (выгрузка от 04.10.2026), соответствует КАТО 18.09.2026
A125: 122 | B125: АЛМАТИНСКАЯ | C125: Государственное коммунальное предприятие на праве хозяйственного ведения "Илийская центральная районная больница" государственного учреждения "Управления здравоохранения Алматинской области" акимата Алматинской области. | D125: 20240004459 | E125: 204256 | F125: 1968 | G125: =IFERROR(INDEX('Расчет Кплотн'!$C:$C,MATCH(F125,'Расчет Кплотн'!$A:$A,0)),"код не найден") -> Илийский район | H125: 196830100 | I125: да | J125: КАТО местонахождения МО по ЦС «РПН» (выгрузка от 04.10.2026), соответствует КАТО 18.09.2026
A126: 123 | B126: АЛМАТИНСКАЯ | C126: ГКП на ПХВ "Енбекшиказахская многопрофильная центральная районная больница" ГУ "Управление здравоохранение Алматинскоя области" | D126: 100240023650 | E126: 162170 | F126: 1940 | G126: =IFERROR(INDEX('Расчет Кплотн'!$C:$C,MATCH(F126,'Расчет Кплотн'!$A:$A,0)),"код не найден") -> Енбекшиказахский район | H126: 194020100 | I126: да | J126: КАТО местонахождения МО по ЦС «РПН» (выгрузка от 04.10.2026), соответствует КАТО 18.09.2026
...

Sheet Проверка МО
A1: МО, местонахождение которых требует документального подтверждения (влияют на численность районов и Кплотн)
A2: Порядок: найти МО по БИН в реестре объектов здравоохранения (qalqan.e-qazyna.kz → Реестр объектов) или на stat.gov.kz (поиск юр. лиц по БИН); указать КАТО/адрес производственной базы, ссылку и приложить скриншот.
A4: № | B4: Область | C4: Наименование МО | D4: БИН | E4: Прикреплённое население | F4: Район в расчёте (предварительно) | G4: КАТО/адрес по источнику | H4: Ссылка на источник | I4: Скриншот (№ приложения) | J4: Район подтверждён (да/нет)
A5: 1 | B5: ТУРКЕСТАНСКАЯ | C5: ГКП на праве хозяйственного ведения «Сарыагашская многопрофильная центральная районная больница» управления здравоохранения Туркестанской области | D5: 91040010283 | E5: 144122 | F5: Сарыагашский район
A6: 2 | B6: ТУРКЕСТАНСКАЯ | C6: Государственное коммунальное предприятие на праве хозяйственного ведения "Сайрамская центральная районная больница" управления здравоохранения Туркестанской области | D6: 91040002074 | E6: 111240 | F6: Сайрамский район
A7: 3 | B7: АЛМАТЫ | C7: ТОО "АСМЕД Тургут Озала" | D7: 20940005809 | E7: 64039 | F7: г. Алматы
A8: 4 | B8: ТУРКЕСТАНСКАЯ | C8: ГКП на ПХВ "Районная поликлиника Сауран" УЗ Туркестанской области | D8: 210940008388 | E8: 62656 | F8: район Сауран
A9: 5 | B9: ТУРКЕСТАНСКАЯ | C9: ГКП на праве хозяйственного ведения "Сузакская центральная районная больница" управления здравоохранения Туркестанской области | D9: 91040005910 | E9: 55087 | F9: Сузакский район
A10: 6 | B10: КОСТАНАЙСКАЯ | C10: КГП "Костанайская районная больница" Управления здравоохранения акимата Костанайской области | D10: 950640000731 | E10: 52228 | F10: Костанайский район
A11: 7 | B11: ТУРКЕСТАНСКАЯ | C11: Производственный кооператив "Нурболат" | D11: 970340003540 | E11: 41932 | F11: Сарыагашский район
A12: 8 | B12: МАНГИСТАУСКАЯ | C12: ГКП на праве хозяйственного ведения "Жанаозенская городская поликлиника № 1" Управления здравоохранения Мангистауской области | D12: 990340007170 | E12: 35610 | F12: Жанаозен
A13: 9 | B13: АКМОЛИНСКАЯ | C13: ТОО "Казахстанская социально-медицинская компания "Жанұя" Акмолинская область (производственная база) | E13: 29170 | F13: Косшы
A14: 10 | B14: АЛМАТИНСКАЯ | C14: КГП на ПХВ "Райымбекская районная больница" ГУ "Управление здравоохранения Алматинской области" | D14: 90240009402 | E14: 26041 | F14: Райымбекский район
A15: 11 | B15: АКТЮБИНСКАЯ | C15: У-е "Медикус Центр" | D15: 981240004163 | E15: 23868 | F15: Актобе
A16: 12 | B16: ПАВЛОДАРСКАЯ | C16: КГП на ПХВ "Поликлиника Павлодарского района" управления здравоохранения Павлодарской области, акимата Павлодарской области | D16: 10240002530 | E16: 23193 | F16: Павлодарский район
A17: 13 | B17: АБАЙ | C17: Коммунальное государственное предприятие на праве хозяйственного ведения "Больница района Мақаншы" управления здравоохранения области Абай | D17: 130340021485 | E17: 22908 | F17: район Мақаншы
A18: 14 | B18: АЛМАТИНСКАЯ | C18: КГП на ПХВ "Кегенская районная больница" ГУ "Управление здравоохранения Алматинской области" | D18: 20240004627 | E18: 22750 | F18: Кегенский район
A19: 15 | B19: ТУРКЕСТАНСКАЯ | C19: ТОО "БЕГІМ АRT" | D19: 70740015947 | E19: 15660 | F19: Сарыагашский район
A20: 16 | B20: ТУРКЕСТАНСКАЯ | C20: ТОО "Азия мед-МО" | D20: 210740020954 | E20: 14867 | F20: Сарыагашский район
A21: 17 | B21: ТУРКЕСТАНСКАЯ | C21: ТОО "Мед клиника "Сұңқар" | D21: 230640025876 | E21: 14315 | F21: Сарыагашский район
A22: 18 | B22: ТУРКЕСТАНСКАЯ | C22: ТОО "Лечебно - оздоровительный центр "Аян" | D22: 170140024330 | E22: 12915 | F22: Сарыагашский район
A23: 19 | B23: ТУРКЕСТАНСКАЯ | C23: ТОО "Азия-Фаворит" | D23: 111240001406 | E23: 12371 | F23: Сайрамский район
A24: 20 | B24: ҰЛЫТАУ | C24: ТОО "ХорЛаН" | D24: 31140001594 | E24: 11517 | F24: Жезказган
A25: 21 | B25: ВОСТОЧНО-КАЗАХСТАНСКАЯ | C25: Коммунальное государственное предприятие на праве хозяйственного ведения «Районная больница района Үлкен Нарын» управления здравоохранения Восточно-Казахстанской области | D25: 80640011417 | E25: 9530 | F25: район Үлкен Нарын
... A36: 32 | B36: ТУРКЕСТАНСКАЯ | C36: ТОО "Dives Group" | D36: 140940008540 | E36: 1498 | F36: Сарыагашский район
C37: Итого | E37: =SUM(E5:E36) -> 870896

Sheet Площадь МСХ
A1: Площадь районов и городов на 01.01.2026 (ответ МСХ РК), тыс. га
A3: Область | B3: Район (МСХ) | C3: № | D3: Площадь, тыс. га | E3: Код района (КАТО)
A4: Абай облысы | B4: Абайский | C4: 1 | D4: 2009.391 | E4: 1032
A5: Абай облысы | B5: Аксуатский | C5: 2 | D5: 1356.19 | E5: 1034
A6: Абай облысы | B6: Аягозский | C6: 3 | D6: 4958.803 | E6: 1036
A7: Абай облысы | B7: Бескарагайский | C7: 4 | D7: 1137.3767 | E7: 1038
A8: Абай облысы | B8: Бородулихинский | C8: 5 | D8: 698.992 | E8: 1040
A9: Абай облысы | B9: район Жаңасемей | C9: 6 | D9: 2754.401 | E9: 1041
A10: Абай облысы | B10: Жарминский | C10: 7 | D10: 2340.38 | E10: 1042
A11: Абай облысы | B11: Кокпектинский | C11: 8 | D11: 909.936 | E11: 1044
A12: Абай облысы | B12: район Мақаншы | C12: 9 | D12: 1137.466 | E12: 1045
A13: Абай облысы | B13: Урджарский | C13: 10 | D13: 1203.906 | E13: 1046
A14: Абай облысы | B14: г.Курчатов | C14: 11 | D14: 11.000003 | E14: 1018
A15: Абай облысы | B15: г.Семей | C15: 12 | D15: 29.8213 | E15: 1010
... A214: Шымкент қаласы | B214: г.Шымкент | C214: 211 | D214: 116.3 | E214: 7900
B215: Итого | D215: =SUM(D4:D214) -> 272491

Sheet РПН 01.08 по МО
A1: Прикреплённое население по МО, ЦС «РПН» на 01.08.2026 (выгрузка с КАТО от 04.10.2026), и район МО
A3: № | B3: Область (ЦС «РПН») | C3: Наименование МО | D3: Прикреплённое население на 01.08.2026 | E3: Код района | F3: Район (по коду) | G3: Источник района (примечание) | H3: БИН | I3: КАТО (ЦС «РПН»)
A4: 1 | B4: АБАЙ | C4: "Коммунальное госудаственное предприятие на праве хозяйственного ведения "Аксуатская районная больница" управления здравоохранения области Абай" | D4: 16574 | E4: 1034 | F4: =IFERROR(INDEX('Расчет Кплотн'!$C:$C,MATCH(E4,'Расчет Кплотн'!$A:$A,0)),"код не найден") -> район Ақсуат | G4: КАТО местонахождения МО по ЦС «РПН» (выгрузка от 04.10.2026), соответствует КАТО 18.09.2026 | H4: 80640003228 | I4: 103430100
A5: 2 | B5: АБАЙ | C5: Учреждение "Семейная амбулатория "Азат" | D5: 3039 | E5: 1042 | F5: =IFERROR(INDEX('Расчет Кплотн'!$C:$C,MATCH(E5,'Расчет Кплотн'!$A:$A,0)),"код не найден") -> Жарминский район | G5: КАТО местонахождения МО по ЦС «РПН» (выгрузка от 04.10.2026), соответствует КАТО 18.09.2026 | H5: 970440001312 | I5: 104230100
A6: 3 | B6: АБАЙ | C6: У-е "Сельская амбулатория "Гармония" | D6: 1781 | E6: 1041 | F6: =IFERROR(INDEX('Расчет Кплотн'!$C:$C,MATCH(E6,'Расчет Кплотн'!$A:$A,0)),"код не найден") -> район Жаңасемей | G6: КАТО в ЦС «РПН» не указан; район Жаңасемей (по наименованию и КАТО 18.09.2026) | H6: 980240018349
A7: 4 | B7: АБАЙ | C7: У-е "Поликлиника "Хаким" | D7: 11648 | E7: 1010 | F7: =IFERROR(INDEX('Расчет Кплотн'!$C:$C,MATCH(E7,'Расчет Кплотн'!$A:$A,0)),"код не найден") -> Семей | G7: КАТО местонахождения МО по ЦС «РПН» (выгрузка от 04.10.2026), соответствует КАТО 18.09.2026 | H7: 970340000417 | I7: 101010000
A8: 5 | B8: АБАЙ | C8: У-е "Консультативно-диагностическая поликлиника № 3 города Семей" | D8: 19155 | E8: 1010 | F8: =IFERROR(INDEX('Расчет Кплотн'!$C:$C,MATCH(E8,'Расчет Кплотн'!$A:$A,0)),"код не найден") -> Семей | G8: КАТО местонахождения МО по ЦС «РПН» (выгрузка от 04.10.2026), соответствует КАТО 18.09.2026 | H8: 130640005216 | I8: 101010000
A9: 6 | B9: АБАЙ | C9: ТОО "Семейская железнодорожная больница" | D9: 35438 | E9: 1010 | F9: =IFERROR(INDEX('Расчет Кплотн'!$C:$C,MATCH(E9,'Расчет Кплотн'!$A:$A,0)),"код не найден") -> Семей | G9: КАТО местонахождения МО по ЦС «РПН» (выгрузка от 04.10.2026), соответствует КАТО 18.09.2026 | H9: 180440021408 | I9: 101010000
A10: 7 | B10: АБАЙ | C10: ТОО "Поликлиника №6 города Семей" | D10: 38899 | E10: 1010 | F10: =IFERROR(INDEX('Расчет Кплотн'!$C:$C,MATCH(E10,'Расчет Кплотн'!$A:$A,0)),"код не найден") -> Семей | G10: КАТО местонахождения МО по ЦС «РПН» (выгрузка от 04.10.2026), соответствует КАТО 18.09.2026 | H10: 130740008581 | I10: 101010000
A11: 8 | B11: АБАЙ | C11: ТОО "Клиника iv plus" | D11: 6865 | E11: 1010 | F11: =IFERROR(INDEX('Расчет Кплотн'!$C:$C,MATCH(E11,'Расчет Кплотн'!$A:$A,0)),"код не найден") -> Семей | G11: КАТО местонахождения МО по ЦС «РПН» (выгрузка от 04.10.2026), соответствует КАТО 18.09.2026 | H11: 90940007481 | I11: 101010000
A12: 9 | B12: АБАЙ | C12: ТОО "Қазығұл" | D12: 12762 | E12: 1036 | F12: =IFERROR(INDEX('Расчет Кплотн'!$C:$C,MATCH(E12,'Расчет Кплотн'!$A:$A,0)),"код не найден") -> Аягозский район | G12: КАТО местонахождения МО по ЦС «РПН» (выгрузка от 04.10.2026), соответствует КАТО 18.09.2026 | H12: 970140005506 | I12: 103620100
A13: 10 | B13: АБАЙ | C13: ТОО "Жан-Ер" | D13: 9299 | E13: 1010 | F13: =IFERROR(INDEX('Расчет Кплотн'!$C:$C,MATCH(E13,'Расчет Кплотн'!$A:$A,0)),"код не найден") -> Семей | G13: КАТО местонахождения МО по ЦС «РПН» (выгрузка от 04.10.2026), соответствует КАТО 18.09.2026 | H13: 51140004661 | I13: 101010000
A14: 11 | B14: АБАЙ | C14: МУ "Центральная смотровая поликлиника" | D14: 17291 | E14: 1010 | F14: =IFERROR(INDEX('Расчет Кплотн'!$C:$C,MATCH(E14,'Расчет Кплотн'!$A:$A,0)),"код не найден") -> Семей | G14: КАТО местонахождения МО по ЦС «РПН» (выгрузка от 04.10.2026), соответствует КАТО 18.09.2026 | H14: 50740001874 | I14: 101010000
A15: 12 | B15: АБАЙ | C15: Медицинское учреждение "Поликлиника № 8 города Семей" | D15: 9013 | E15: 1010 | F15: =IFERROR(INDEX('Расчет Кплотн'!$C:$C,MATCH(E15,'Расчет Кплотн'!$A:$A,0)),"код не найден") -> Семей | G15: КАТО местонахождения МО по ЦС «РПН» (выгрузка от 04.10.2026), соответствует КАТО 18.09.2026 | H15: 191140014657 | I15: 101010000
A16: 13 | B16: АБАЙ | C16: Медицинское У-е "Победа" | D16: 9948 | E16: 1010 | F16: =IFERROR(INDEX('Расчет Кплотн'!$C:$C,MATCH(E16,'Расчет Кплотн'!$A:$A,0)),"код не найден") -> Семей | G16: КАТО местонахождения МО по ЦС «РПН» (выгрузка от 04.10.2026), соответствует КАТО 18.09.2026 | H16: 980640000350 | I16: 101010000
A17: 14 | B17: АБАЙ | C17: Коммунальное государственное предприятие на праве хозяйственного ведения «Многопрофильная центральная районная больница Урджарского района» управления здравоохранения области Абай | D17: 34454 | E17: 1046 | F17: =IFERROR(INDEX('Расчет Кплотн'!$C:$C,MATCH(E17,'Расчет Кплотн'!$A:$A,0)),"код не найден") -> Урджарский район | G17: КАТО местонахождения МО по ЦС «РПН» (выгрузка от 04.10.2026), соответствует КАТО 18.09.2026 | H17: 80640010558 | I17: 104630100
A18: 15 | B18: АБАЙ | C18: Коммунальное государственное предприятие на праве хозяйственного ведения «Бескарагайская районная больница» управления здравоохранения области Абай | D18: 13938 | E18: 1038 | F18: =IFERROR(INDEX('Расчет Кплотн'!$C:$C,MATCH(E18,'Расчет Кплотн'!$A:$A,0)),"код не найден") -> Бескарагайский район | G18: КАТО местонахождения МО по ЦС «РПН» (выгрузка от 04.10.2026), соответствует КАТО 18.09.2026 | H18: 80640010372 | I18: 103830100
... A23: 20 | B23: АБАЙ | C23: КГП на ПХВ «Центр первичной медико-санитарной помощи № 10 города Семей» управления здравоохранения области Абай | D23: 13785 | E23: 1010 | F23: =IFERROR(INDEX('Расчет Кплотн'!$C:$C,MATCH(E23,'Расчет Кплотн'!$A:$A,0)),"код не найден") -> Семей | G23: КАТО местонахождения МО по ЦС «РПН» (выгрузка от 04.10.2026), соответствует КАТО 18.09.2026 | H23: 990340000758 | I23: 101010000
A24: 21 | B24: АБАЙ | C24: КГП на ПХВ "Больница района Жаңасемей" управления здравоохранения области Абай | D24: 4546 | E24: 1041 | F24: =IFERROR(INDEX('Расчет Кплотн'!$C:$C,MATCH(E24,'Расчет Кплотн'!$A:$A,0)),"код не найден") -> район Жаңасемей | G24: КАТО в ЦС «РПН» не указан; по наименованию МО | H24: 80740000693
A25: 22 | B25: АБАЙ | C25: КГП на ПХВ "Бородулихинская районная больница" управления здравоохранения области Абай | D25: 28085 | E25: 1040 | F25: =IFERROR(INDEX('Расчет Кплотн'!$C:$C,MATCH(E25,'Расчет Кплотн'!$A:$A,0)),"код не найден") -> Бородулихинский район | G25: КАТО местонахождения МО по ЦС «РПН» (выгрузка от 04.10.2026), соответствует КАТО 18.09.2026 | H25: 80640019859 | I25: 104030100
A26: 23 | B26: АБАЙ | C26: КГП на ПХВ "Жарминская районная больница" УЗ области Абай | D26: 17366 | E26: 1042 | F26: =IFERROR(INDEX('Расчет Кплотн'!$C:$C,MATCH(E26,'Расчет Кплотн'!$A:$A,0)),"код не найден") -> Жарминский район | G26: КАТО местонахождения МО по ЦС «РПН» (выгрузка от 04.10.2026), соответствует КАТО 18.09.2026 | H26: 80640003505 | I26: 104230100
A27: 24 | B27: АБАЙ | C27: КГП на ПХВ "Кокпектинская районная больница" управления здравоохранения области Абай | D27: 11539 | E27: 1044 | F27: =IFERROR(INDEX('Расчет Кплотн'!$C:$C,MATCH(E27,'Расчет Кплотн'!$A:$A,0)),"код не найден") -> Кокпектинский район | G27: КАТО местонахождения МО по ЦС «РПН» (выгрузка от 04.10.2026), соответствует КАТО 18.09.2026 | H27: 80640010736 | I27: 104430100
A28: 25 | B28: АБАЙ | C28: КГП на ПХВ "Поликлиника № 1 города Семей" управления здравоохранения области Абай | D28: 37620 | E28: 1010 | F28: =IFERROR(INDEX('Расчет Кплотн'!$C:$C,MATCH(E28,'Расчет Кплотн'!$A:$A,0)),"код не найден") -> Семей | G28: КАТО местонахождения МО по ЦС «РПН» (выгрузка от 04.10.2026), соответствует КАТО 18.09.2026 | H28: 80540020185 | I28: 101010000
A29: 26 | B29: АБАЙ | C29: КГП на ПХВ "Абайская районная больница" УЗ области Абай | D29: 10794 | E29: 1032 | F29: =IFERROR(INDEX('Расчет Кплотн'!$C:$C,MATCH(E29,'Расчет Кплотн'!$A:$A,0)),"код не найден") -> Абайский район | G29: КАТО местонахождения МО по ЦС «РПН» (выгрузка от 04.10.2026), соответствует КАТО 18.09.2026 | H29: 990240001831 | I29: 103230100
A30: 27 | B30: АБАЙ | C30: КГП на ПХВ "Поликлиника № 7 города Семей" управления здравоохранения области Абай | D30: 33122 | E30: 1010 | F30: =IFERROR(INDEX('Расчет Кплотн'!$C:$C,MATCH(E30,'Расчет Кплотн'!$A:$A,0)),"код не найден") -> Семей | G30: КАТО местонахождения МО по ЦС «РПН» (выгрузка от 04.10.2026), соответствует КАТО 18.09.2026 | H30: 990340001914 | I30: 101010000
A31: 28 | B31: АБАЙ | C31: КГП на ПХВ "Поликлиника № 9 города Семей" управления здравоохранения области Абай | D31: 34725 | E31: 1010 | F31: =IFERROR(INDEX('Расчет Кплотн'!$C:$C,MATCH(E31,'Расчет Кплотн'!$A:$A,0)),"код не найден") -> Семей | G31: КАТО местонахождения МО по ЦС «РПН» (выгрузка от 04.10.2026), соответствует КАТО 18.09.2026 | H31: 80640000888 | I31: 101010000
A32: 29 | B32: АБАЙ | C32: КГП на ПХВ "Центр первичной медико-санитарной помощи №12 города Семей" управления здравоохранения области Абай | D32: 15528 | E32: 1010 | F32: =IFERROR(INDEX('Расчет Кплотн'!$C:$C,MATCH(E32,'Расчет Кплотн'!$A:$A,0)),"код не найден") -> Семей | G32: КАТО местонахождения МО по ЦС «РПН» (выгрузка от 04.10.2026), соответствует КАТО 18.09.2026 | H32: 990340002605 | I32: 101010000
A33: 30 | B33: АБАЙ | C33: КГП на ПХВ "Шарская городская больница" управления здравоохранения области Абай | D33: 11408 | E33: 1042 | F33: =IFERROR(INDEX('Расчет Кплотн'!$C:$C,MATCH(E33,'Расчет Кплотн'!$A:$A,0)),"код не найден") -> Жарминский район | G33: КАТО местонахождения МО по ЦС «РПН» (выгрузка от 04.10.2026), соответствует КАТО 18.09.2026 | H33: 80640006916 | I33: 104221100
A34: 31 | B34: АБАЙ | C34: КГП на ПХВ «Курчатовская городская больница» управления здравоохранения области Абай | D34: 9897 | E34: 1018 | F34: =IFERROR(INDEX('Расчет Кплотн'!$C:$C,MATCH(E34,'Расчет Кплотн'!$A:$A,0)),"код не найден") -> Курчатов | G34: КАТО местонахождения МО по ЦС «РПН» (выгрузка от 04.10.2026), соответствует КАТО 18.09.2026 | H34: 11240001762 | I34: 101810000
A35: 32 | B35: АБАЙ | C35: КГП на ПХВ "Поликлиника № 4 города Семей" управления здравоохранения области Абай | D35: 25254 | E35: 1010 | F35: =IFERROR(INDEX('Расчет Кплотн'!$C:$C,MATCH(E35,'Расчет Кплотн'!$A:$A,0)),"код не найден") -> Семей | G35: КАТО местонахождения МО по ЦС «РПН» (выгрузка от 04.10.2026), соответствует КАТО 18.09.2026 | H35: 80640009455 | I35: 101010000
A36: 33 | B36: АКМОЛИНСКАЯ | C36: Государственное коммунальное казенное предприятие "Степногорская многопрофильная городская больница" при управлении здравоохранения Акмолинской области | D36: 5043 | E36: 1118 | F36: =IFERROR(INDEX('Расчет Кплотн'!$C:$C,MATCH(E36,'Расчет Кплотн'!$A:$A,0)),"код не найден") -> Степногорск | G36: КАТО местонахождения МО по ЦС «РПН» (выгрузка от 04.10.2026), соответствует КАТО 18.09.2026 | H36: 950740000537 | I36: 111810000
... A40: 37 | B40: АКМОЛИНСКАЯ | C40: ТОО "Viamedis Kosshy" | D40: 22825 | E40: 1116 | F40: =IFERROR(INDEX('Расчет Кплотн'!$C:$C,MATCH(E40,'Расчет Кплотн'!$A:$A,0)),"код не найден") -> Косшы | G40: по наименованию МО (г. Косшы); КАТО в ЦС «РПН» 711210000 – район Есиль г. Астаны (юридический адрес) | H40: 240840022484 | I40: 711210000
A41: 38 | B41: АКМОЛИНСКАЯ | C41: ТОО "Клиника Эндохирургии" | D41: 13432 | E41: 1166 | F41: =IFERROR(INDEX('Расчет Кплотн'!$C:$C,MATCH(E41,'Расчет Кплотн'!$A:$A,0)),"код не найден") -> Целиноградский район | G41: КАТО местонахождения МО по ЦС «РПН» (выгрузка от 04.10.2026), соответствует КАТО 18.09.2026 | I41: 116645100
A42: 39 | B42: АКМОЛИНСКАЯ | C42: ТОО "Клиника Панацея" | D42: 23428 | E42: 1110 | F42: =IFERROR(INDEX('Расчет Кплотн'!$C:$C,MATCH(E42,'Расчет Кплотн'!$A:$A,0)),"код не найден") -> Кокшетау | G42: КАТО местонахождения МО по ЦС «РПН» (выгрузка от 04.10.2026), соответствует КАТО 18.09.2026 | I42: 111010000
A43: 40 | B43: АКМОЛИНСКАЯ | C43: ТОО "Кокшетауская железнодорожная больница" | D43: 13841 | E43: 1110 | F43: =IFERROR(INDEX('Расчет Кплотн'!$C:$C,MATCH(E43,'Расчет Кплотн'!$A:$A,0)),"код не найден") -> Кокшетау | G43: КАТО местонахождения МО по ЦС «РПН» (выгрузка от 04.10.2026), соответствует КАТО 18.09.2026 | H43: 180440020241 | I43: 111010000
A44: 41 | B44: АКМОЛИНСКАЯ | C44: ТОО "ПОЛИКЛИНИКА "CITY" с.Кызылжар | D44: 2271 | E44: 1166 | F44: =IFERROR(INDEX('Расчет Кплотн'!$C:$C,MATCH(E44,'Расчет Кплотн'!$A:$A,0)),"код не найден") -> Целиноградский район | G44: КАТО местонахождения МО по ЦС «РПН» (выгрузка от 04.10.2026), соответствует КАТО 18.09.2026 | I44: 116665400
A45: 42 | B45: АКМОЛИНСКАЯ | C45: Филиал товарищества с ограниченной ответственностью "VIAMEDIS" в городе Кокшетау | D45: 152550 | E45: 1110 | F45: =IFERROR(INDEX('Расчет Кплотн'!$C:$C,MATCH(E45,'Расчет Кплотн'!$A:$A,0)),"код не найден") -> Кокшетау | G45: КАТО местонахождения МО по ЦС «РПН» (выгрузка от 04.10.2026), соответствует КАТО 18.09.2026 | H45: 200741010148 | I45: 111010000
A46: 43 | B46: АКМОЛИНСКАЯ | C46: ГКПнаПХВ «Егиндыкольская районная больница» при управлении здравоохранения Акмолинской области | D46: 4887 | E46: 1144 | F46: =IFERROR(INDEX('Расчет Кплотн'!$C:$C,MATCH(E46,'Расчет Кплотн'!$A:$A,0)),"код не найден") -> Егиндыкольский район | G46: КАТО местонахождения МО по ЦС «РПН» (выгрузка от 04.10.2026), соответствует КАТО 18.09.2026 | H46: 40640003220 | I46: 114430100
A47: 44 | B47: АКМОЛИНСКАЯ | C47: ТОО "Казахстанская социально-медицинская компания "Жанұя" Акмолинская область (производственная база) | D47: 28258 | E47: 1116 | F47: =IFERROR(INDEX('Расчет Кплотн'!$C:$C,MATCH(E47,'Расчет Кплотн'!$A:$A,0)),"код не найден") -> Косшы | G47: КАТО в ЦС «РПН» 116651100 – прежний код с. Косшы (до образования Косшы Г.А.); в КАТО 18.09.2026 – г. Косшы (111610000) | I47: 116651100
A48: 45 | B48: АКМОЛИНСКАЯ | C48: ГКП на ПХВ «Коргалжынская районная больница» при управлении здравоохранения Акмолинской области | D48: 6862 | E48: 1160 | F48: =IFERROR(INDEX('Расчет Кплотн'!$C:$C,MATCH(E48,'Расчет Кплотн'!$A:$A,0)),"код не найден") -> Коргалжынский район | G48: КАТО местонахождения МО по ЦС «РПН» (выгрузка от 04.10.2026), соответствует КАТО 18.09.2026 | H48: 40540002962 | I48: 116030100
A49: 46 | B49: АКМОЛИНСКАЯ | C49: ГКП на ПХВ "Есильская районная больница" при управлении здравоохранения Акмолинской области | D49: 19774 | E49: 1148 | F49: =IFERROR(INDEX('Расчет Кплотн'!$C:$C,MATCH(E49,'Расчет Кплотн'!$A:$A,0)),"код не найден") -> Есильский район | G49: КАТО местонахождения МО по ЦС «РПН» (выгрузка от 04.10.2026), соответствует КАТО 18.09.2026 | H49: 40440004053 | I49: 114820100
A50: 47 | B50: АКМОЛИНСКАЯ | C50: ГКП на ПХВ "Шортандинская районная больница" при управлении здравоохранения Акмолинской области. | D50: 26115 | E50: 1168 | F50: =IFERROR(INDEX('Расчет Кплотн'!$C:$C,MATCH(E50,'Расчет Кплотн'!$A:$A,0)),"код не найден") -> Шортандинский район | G50: КАТО местонахождения МО по ЦС «РПН» (выгрузка от 04.10.2026), соответствует КАТО 18.09.2026 | H50: 40540002883 | I50: 116830100
A51: 48 | B51: АКМОЛИНСКАЯ | C51: ГКП на ПХВ «Ерейментауская районная больница» при управлении здравоохранения Акмолинской области | D51: 21673 | E51: 1146 | F51: =IFERROR(INDEX('Расчет Кплотн'!$C:$C,MATCH(E51,'Расчет Кплотн'!$A:$A,0)),"код не найден") -> Ерейментауский район | G51: КАТО местонахождения МО по ЦС «РПН» (выгрузка от 04.10.2026), соответствует КАТО 18.09.2026 | H51: 40540003019 | I51: 114620100
A52: 49 | B52: АКМОЛИНСКАЯ | C52: ГКП на ПХВ "Аккольская районная больница" при управлении здравоохранения Акмолинской области | D52: 22231 | E52: 1132 | F52: =IFERROR(INDEX('Расчет Кплотн'!$C:$C,MATCH(E52,'Расчет Кплотн'!$A:$A,0)),"код не найден") -> Аккольский район | G52: КАТО местонахождения МО по ЦС «РПН» (выгрузка от 04.10.2026), соответствует КАТО 18.09.2026 | H52: 40540002972 | I52: 113220100
A53: 50 | B53: АКМОЛИНСКАЯ | C53: ГКП на ПХВ "Астраханская районная больница" при управлении здравоохранения Акмолинской области | D53: 18163 | E53: 1136 | F53: =IFERROR(INDEX('Расчет Кплотн'!$C:$C,MATCH(E53,'Расчет Кплотн'!$A:$A,0)),"код не найден") -> Астраханский район | G53: КАТО местонахождения МО по ЦС «РПН» (выгрузка от 04.10.2026), соответствует КАТО 18.09.2026 | H53: 40440004480 | I53: 113630100
A54: 51 | B54: АКМОЛИНСКАЯ | C54: ГКП на ПХВ "Буландынская районная больница" при управлении здравоохранения Акмолинской области | D54: 27274 | E54: 1140 | F54: =IFERROR(INDEX('Расчет Кплотн'!$C:$C,MATCH(E54,'Расчет Кплотн'!$A:$A,0)),"код не найден") -> Буландынский район | G54: КАТО местонахождения МО по ЦС «РПН» (выгрузка от 04.10.2026), соответствует КАТО 18.09.2026 | H54: 40540002912 | I54: 114020100
A55: 52 | B55: АКМОЛИНСКАЯ | C55: ГКП на ПХВ "Бурабайская районная поликлиника" при управлении здравоохранения Акмолинской области | D55: 68779 | E55: 1170 | F55: =IFERROR(INDEX('Расчет Кплотн'!$C:$C,MATCH(E55,'Расчет Кплотн'!$A:$A,0)),"код не найден") -> Бурабайский район | G55: КАТО местонахождения МО по ЦС «РПН» (выгрузка от 04.10.2026), соответствует КАТО 18.09.2026 | H55: 70240006721 | I55: 117020100
A56: 53 | B56: АКМОЛИНСКАЯ | C56: ГКП на ПХВ "Городская поликлиника" при управлении здравоохранения Акмолинской области | D56: 86719 | E56: 1110 | F56: =IFERROR(INDEX('Расчет Кплотн'!$C:$C,MATCH(E56,'Расчет Кплотн'!$A:$A,0)),"код не найден") -> Кокшетау | G56: КАТО местонахождения МО по ЦС «РПН» (выгрузка от 04.10.2026), соответствует КАТО 18.09.2026 | H56: 30640002677 | I56: 111010000
A57: 54 | B57: АКМОЛИНСКАЯ | C57: ГКП на ПХВ "Атбасарская многопрофильная межрайонная больница" при управлении здравоохранения Акмолинской области | D57: 42746 | E57: 1138 | F57: =IFERROR(INDEX('Расчет Кплотн'!$C:$C,MATCH(E57,'Расчет Кплотн'!$A:$A,0)),"код не найден") -> Атбасарский район | G57: КАТО местонахождения МО по ЦС «РПН» (выгрузка от 04.10.2026), соответствует КАТО 18.09.2026 | H57: 40440000299 | I57: 113820100
A58: 55 | B58: АКМОЛИНСКАЯ | C58: ГКП на ПХВ "Жаксынская районная больница" при управлении здравоохранения Акмолинской области | D58: 14211 | E58: 1152 | F58: =IFERROR(INDEX('Расчет Кплотн'!$C:$C,MATCH(E58,'Расчет Кплотн'!$A:$A,0)),"код не найден") -> Жаксынский район | G58: КАТО местонахождения МО по ЦС «РПН» (выгрузка от 04.10.2026), соответствует КАТО 18.09.2026 | H58: 40540002942 | I58: 115230100
A59: 56 | B59: АКМОЛИНСКАЯ | C59: ГКП на ПХВ "Жаркаинская районная больница" при управлении здравоохранения Акмолинской области | D59: 11762 | E59: 1154 | F59: =IFERROR(INDEX('Расчет Кплотн'!$C:$C,MATCH(E59,'Расчет Кплотн'!$A:$A,0)),"код не найден") -> Жаркаинский район | G59: КАТО местонахождения МО по ЦС «РПН» (выгрузка от 04.10.2026), соответствует КАТО 18.09.2026 | H59: 50340004933 | I59: 115420100
... A76: 73 | B76: АКТЮБИНСКАЯ | C76: ТОО Частный медицинский центр "Шипагер-С" | D76: 7813 | E76: 1510 | F76: =IFERROR(INDEX('Расчет Кплотн'!$C:$C,MATCH(E76,'Расчет Кплотн'!$A:$A,0)),"код не найден") -> Актобе | G76: КАТО местонахождения МО по ЦС «РПН» (выгрузка от 04.10.2026), соответствует КАТО 18.09.2026 | H76: 41240002322 | I76: 151010000
A77: 74 | B77: АКТЮБИНСКАЯ | C77: У-е "Медикус Центр" | D77: 36217 | E77: 1510 | F77: =IFERROR(INDEX('Расчет Кплотн'!$C:$C,MATCH(E77,'Расчет Кплотн'!$A:$A,0)),"код не найден") -> Актобе | G77: КАТО в ЦС «РПН» не указан; предварительно г. Актобе (областной центр) – требует подтверждения | H77: 981240004163
A78: 75 | B78: АКТЮБИНСКАЯ | C78: Учреждение "Баишев мед" | D78: 6103 | E78: 1510 | F78: =IFERROR(INDEX('Расчет Кплотн'!$C:$C,MATCH(E78,'Расчет Кплотн'!$A:$A,0)),"код не найден") -> Актобе | G78: КАТО местонахождения МО по ЦС «РПН» (выгрузка от 04.10.2026), соответствует КАТО 18.09.2026 | H78: 190240016872 | I78: 151010000
A79: 76 | B79: АКТЮБИНСКАЯ | C79: Государственное коммунальное предприятие «Городская поликлиника №6» на праве хозяйственного ведения государственного учреждения «Управление здравоохранения Актюбинской области» | D79: 34301 | E79: 1510 | F79: =IFERROR(INDEX('Расчет Кплотн'!$C:$C,MATCH(E79,'Расчет Кплотн'!$A:$A,0)),"код не найден") -> Актобе | G79: КАТО местонахождения МО по ЦС «РПН» (выгрузка от 04.10.2026), соответствует КАТО 18.09.2026 | H79: 141240016925 | I79: 151011100
A80: 77 | B80: АКТЮБИНСКАЯ | C80: ТОО "Куаныш" | D80: 23532 | E80: 1510 | F80: =IFERROR(INDEX('Расчет Кплотн'!$C:$C,MATCH(E80,'Расчет Кплотн'!$A:$A,0)),"код не найден") -> Актобе | G80: КАТО местонахождения МО по ЦС «РПН» (выгрузка от 04.10.2026), соответствует КАТО 18.09.2026 | H80: 901240000037 | I80: 151010000
A81: 78 | B81: АКТЮБИНСКАЯ | C81: Государственное коммунальное предприятие «Городская поликлиника №5» на праве хозяйственного ведения государственного учреждения «Управление здравоохранения Актюбинской области» | D81: 34503 | E81: 1510 | F81: =IFERROR(INDEX('Расчет Кплотн'!$C:$C,MATCH(E81,'Расчет Кплотн'!$A:$A,0)),"код не найден") -> Актобе | G81: КАТО местонахождения МО по ЦС «РПН» (выгрузка от 04.10.2026), соответствует КАТО 18.09.2026 | H81: 141240017389 | I81: 151010000
A82: 79 | B82: АКТЮБИНСКАЯ | C82: ТОО "Biolab Pharm" Premier Med Clinic" | D82: 8343 | E82: 1510 | F82: =IFERROR(INDEX('Расчет Кплотн'!$C:$C,MATCH(E82,'Расчет Кплотн'!$A:$A,0)),"код не найден") -> Актобе | G82: КАТО местонахождения МО по ЦС «РПН» (выгрузка от 04.10.2026), соответствует КАТО 18.09.2026 | I82: 151010000
A83: 80 | B83: АКТЮБИНСКАЯ | C83: Государственное коммунальное предприятие "Уилская районная больница" на праве хозяйственного ведения государственного учреждения "Управление здравоохранения Актюбинской области" | D83: 12885 | E83: 1552 | F83: =IFERROR(INDEX('Расчет Кплотн'!$C:$C,MATCH(E83,'Расчет Кплотн'!$A:$A,0)),"код не найден") -> Уилский район | G83: КАТО местонахождения МО по ЦС «РПН» (выгрузка от 04.10.2026), соответствует КАТО 18.09.2026 | H83: 60440006310 | I83: 155230100
A84: 81 | B84: АКТЮБИНСКАЯ | C84: Государственное коммунальное предприятие "Шалкарская районная больница" на праве хозяйственного ведения государственного учреждения "Управление здравоохранения Актюбинской области" | D84: 38416 | E84: 1564 | F84: =IFERROR(INDEX('Расчет Кплотн'!$C:$C,MATCH(E84,'Расчет Кплотн'!$A:$A,0)),"код не найден") -> Шалкарский район | G84: КАТО местонахождения МО по ЦС «РПН» (выгрузка от 04.10.2026), соответствует КАТО 18.09.2026 | H84: 990140004009 | I84: 156420100
A85: 82 | B85: АКТЮБИНСКАЯ | C85: ГКП "Айтекебийская районная больница" на праве хозяйственного ведения ГУ "Управление здравоохранения Актюбинской области" | D85: 18349 | E85: 1534 | F85: =IFERROR(INDEX('Расчет Кплотн'!$C:$C,MATCH(E85,'Расчет Кплотн'!$A:$A,0)),"код не найден") -> Айтекебийский район | G85: КАТО местонахождения МО по ЦС «РПН» (выгрузка от 04.10.2026), соответствует КАТО 18.09.2026 | H85: 990240006109 | I85: 153430100
A86: 83 | B86: АКТЮБИНСКАЯ | C86: ГКП "Городская многопрофильная больница №2" на ПХВ ГУ "Управление здравоохранения Актюбинской области" | D86: 33552 | E86: 1510 | F86: =IFERROR(INDEX('Расчет Кплотн'!$C:$C,MATCH(E86,'Расчет Кплотн'!$A:$A,0)),"код не найден") -> Актобе | G86: КАТО в ЦС «РПН» не указан; г. Актобе – по наименованию МО | H86: 21140002114
A87: 84 | B87: АКТЮБИНСКАЯ | C87: ГКП "Городская поликлиника № 7" на ПХВ ГУ "Управление здравоохранения Актюбинской области" | D87: 38626 | E87: 1510 | F87: =IFERROR(INDEX('Расчет Кплотн'!$C:$C,MATCH(E87,'Расчет Кплотн'!$A:$A,0)),"код не найден") -> Актобе | G87: КАТО местонахождения МО по ЦС «РПН» (выгрузка от 04.10.2026), соответствует КАТО 18.09.2026 | H87: 201240014655 | I87: 151010000
A88: 85 | B88: АКТЮБИНСКАЯ | C88: ГКП "Городская поликлиника №1" на ПХВ ГУ "Управление здравоохранения Актюбинской области" | D88: 58832 | E88: 1510 | F88: =IFERROR(INDEX('Расчет Кплотн'!$C:$C,MATCH(E88,'Расчет Кплотн'!$A:$A,0)),"код не найден") -> Актобе | G88: КАТО местонахождения МО по ЦС «РПН» (выгрузка от 04.10.2026), соответствует КАТО 18.09.2026 | H88: 740002655 | I88: 151010000
A89: 86 | B89: АКТЮБИНСКАЯ | C89: ГКП "Городская поликлиника №4" на праве хозяйственного ведения ГУ "Управление здравоохранения Актюбинской области" | D89: 66549 | E89: 1510 | F89: =IFERROR(INDEX('Расчет Кплотн'!$C:$C,MATCH(E89,'Расчет Кплотн'!$A:$A,0)),"код не найден") -> Актобе | G89: КАТО местонахождения МО по ЦС «РПН» (выгрузка от 04.10.2026), соответствует КАТО 18.09.2026 | H89: 20640002615 | I89: 151010000
A90: 87 | B90: АКТЮБИНСКАЯ | C90: ГКП "Кобдинская районная больница" на праве хозяйственного ведения государственного учреждения "Управление здравоохранения Актюбинской области" | D90: 14137 | E90: 1542 | F90: =IFERROR(INDEX('Расчет Кплотн'!$C:$C,MATCH(E90,'Расчет Кплотн'!$A:$A,0)),"код не найден") -> Хобдинский район | G90: КАТО местонахождения МО по ЦС «РПН» (выгрузка от 04.10.2026), соответствует КАТО 18.09.2026 | H90: 30340003783 | I90: 154230100
A91: 88 | B91: АКТЮБИНСКАЯ | C91: ГКП "Мартукская районная больница" на праве хозяйственного ведения государственного учреждения "Управление здравоохранения Актюбинской области" | D91: 27370 | E91: 1546 | F91: =IFERROR(INDEX('Расчет Кплотн'!$C:$C,MATCH(E91,'Расчет Кплотн'!$A:$A,0)),"код не найден") -> Мартукский район | G91: КАТО местонахождения МО по ЦС «РПН» (выгрузка от 04.10.2026), соответствует КАТО 18.09.2026 | H91: 990240006713 | I91: 154630100
A92: 89 | B92: АКТЮБИНСКАЯ | C92: ГКП "Мугалжарская районная больница" на ПХВ ГУ "Управление здравоохранения Актюбинской области" | D92: 34697 | E92: 1548 | F92: =IFERROR(INDEX('Расчет Кплотн'!$C:$C,MATCH(E92,'Расчет Кплотн'!$A:$A,0)),"код не найден") -> Мугалжарский район | G92: КАТО местонахождения МО по ЦС «РПН» (выгрузка от 04.10.2026), соответствует КАТО 18.09.2026 | H92: 990140003021 | I92: 154820100
A93: 90 | B93: АКТЮБИНСКАЯ | C93: ГКП "Байганинская районная больница" на праве хозяйственного ведения государственного учреждения "Управление здравоохранения Актюбинской области" | D93: 20112 | E93: 1536 | F93: =IFERROR(INDEX('Расчет Кплотн'!$C:$C,MATCH(E93,'Расчет Кплотн'!$A:$A,0)),"код не найден") -> Байганинский район | G93: КАТО местонахождения МО по ЦС «РПН» (выгрузка от 04.10.2026), соответствует КАТО 18.09.2026 | H93: 60140002367 | I93: 153630100
A94: 91 | B94: АКТЮБИНСКАЯ | C94: ГКП "Центр первичной медико-санитарной помощи №1 города Актобе" на ПХВ ГУ "Управление здравоохранения Актюбинской области" | D94: 16166 | E94: 1510 | F94: =IFERROR(INDEX('Расчет Кплотн'!$C:$C,MATCH(E94,'Расчет Кплотн'!$A:$A,0)),"код не найден") -> Актобе | G94: КАТО местонахождения МО по ЦС «РПН» (выгрузка от 04.10.2026), соответствует КАТО 18.09.2026 | H94: 170340003910 | I94: 151010000
A95: 92 | B95: АКТЮБИНСКАЯ | C95: ГКП «Эмбинская районная больница» на праве хозяйственного ведения государственного учреждения «Управление здравоохранения Актюбинской области» | D95: 18039 | E95: 1548 | F95: =IFERROR(INDEX('Расчет Кплотн'!$C:$C,MATCH(E95,'Расчет Кплотн'!$A:$A,0)),"код не найден") -> Мугалжарский район | G95: КАТО местонахождения МО по ЦС «РПН» (выгрузка от 04.10.2026), соответствует КАТО 18.09.2026 | H95: 990140001421 | I95: 154823100
A96: 93 | B96: АКТЮБИНСКАЯ | C96: Государственное коммунальное предприятие "Алгинская районная больница" на праве хозяйственного ведения государственного учреждения "Управление здравоохранения Актюбинской области" | D96: 39247 | E96: 1532 | F96: =IFERROR(INDEX('Расчет Кплотн'!$C:$C,MATCH(E96,'Расчет Кплотн'!$A:$A,0)),"код не найден") -> Алгинский район | G96: КАТО местонахождения МО по ЦС «РПН» (выгрузка от 04.10.2026), соответствует КАТО 18.09.2026 | H96: 990140005008 | I96: 153220100
A97: 94 | B97: АКТЮБИНСКАЯ | C97: Государственное коммунальное предприятие "Городская поликлиника №2" на праве хозяйственного ведения государственного учреждения "Управление здравоохранения Актюбинской области" | D97: 57146 | E97: 1510 | F97: =IFERROR(INDEX('Расчет Кплотн'!$C:$C,MATCH(E97,'Расчет Кплотн'!$A:$A,0)),"код не найден") -> Актобе | G97: КАТО местонахождения МО по ЦС «РПН» (выгрузка от 04.10.2026), соответствует КАТО 18.09.2026 | H97: 20740002074 | I97: 151010000
A98: 95 | B98: АКТЮБИНСКАЯ | C98: Государственное коммунальное предприятие "Городская поликлиника №3" на праве хозяйственного ведения государственного учреждения "Управление здравоохранения Актюбинской области" | D98: 57825 | E98: 1510 | F98: =IFERROR(INDEX('Расчет Кплотн'!$C:$C,MATCH(E98,'Расчет Кплотн'!$A:$A,0)),"код не найден") -> Актобе | G98: КАТО местонахождения МО по ЦС «РПН» (выгрузка от 04.10.2026), соответствует КАТО 18.09.2026 | H98: 990240006258 | I98: 151010000
... A101: 98 | B101: АКТЮБИНСКАЯ | C101: Государственное коммунальное предприятие "Каргалинская районная больница" на праве хозяйственного ведения государственного учреждения "Управление здравоохранения Актюбинской области" | D101: 14282 | E101: 1540 | F101: =IFERROR(INDEX('Расчет Кплотн'!$C:$C,MATCH(E101,'Расчет Кплотн'!$A:$A,0)),"код не найден") -> Каргалинский район | G101: КАТО местонахождения МО по ЦС «РПН» (выгрузка от 04.10.2026), соответствует КАТО 18.09.2026 | H101: 990140004575 | I101: 154030100
A102: 99 | B102: АЛМАТИНСКАЯ | C102: ТОО "DN Medicus Pharm" | D102: 9614 | E102: 1942 | F102: =IFERROR(INDEX('Расчет Кплотн'!$C:$C,MATCH(E102,'Расчет Кплотн'!$A:$A,0)),"код не найден") -> Жамбылский район | G102: КАТО местонахождения МО по ЦС «РПН» (выгрузка от 04.10.2026), соответствует КАТО 18.09.2026 | I102: 194230100
A103: 100 | B103: АЛМАТИНСКАЯ | C103: ТОО "ID Senim R" | D103: 29632 | E103: 1952 | F103: =IFERROR(INDEX('Расчет Кплотн'!$C:$C,MATCH(E103,'Расчет Кплотн'!$A:$A,0)),"код не найден") -> Карасайский район | G103: КАТО местонахождения МО по ЦС «РПН» (выгрузка от 04.10.2026), соответствует КАТО 18.09.2026 | H103: 140940024403 | I103: 195220100
A104: 101 | B104: АЛМАТИНСКАЯ | C104: ТОО "iStore" | D104: 6167 | E104: 1940 | F104: =IFERROR(INDEX('Расчет Кплотн'!$C:$C,MATCH(E104,'Расчет Кплотн'!$A:$A,0)),"код не найден") -> Енбекшиказахский район | G104: КАТО местонахождения МО по ЦС «РПН» (выгрузка от 04.10.2026), соответствует КАТО 18.09.2026 | H104: 171140027556 | I104: 194079100
A105: 102 | B105: АЛМАТИНСКАЯ | C105: ТОО "KazMed Company" | D105: 16271 | E105: 1962 | F105: =IFERROR(INDEX('Расчет Кплотн'!$C:$C,MATCH(E105,'Расчет Кплотн'!$A:$A,0)),"код не найден") -> Талгарский район | G105: КАТО местонахождения МО по ЦС «РПН» (выгрузка от 04.10.2026), соответствует КАТО 18.09.2026 | H105: 220640002598 | I105: 196233100
A106: 103 | B106: АЛМАТИНСКАЯ | C106: ТОО "NOVA INVEST" (НОВА ИНВЕСТ) | D106: 47435 | E106: 1962 | F106: =IFERROR(INDEX('Расчет Кплотн'!$C:$C,MATCH(E106,'Расчет Кплотн'!$A:$A,0)),"код не найден") -> Талгарский район | G106: КАТО местонахождения МО по ЦС «РПН» (выгрузка от 04.10.2026), соответствует КАТО 18.09.2026 | H106: 190340023763 | I106: 196233100
A107: 104 | B107: АЛМАТИНСКАЯ | C107: ТОО "Promedical2021" | D107: 24248 | E107: 1962 | F107: =IFERROR(INDEX('Расчет Кплотн'!$C:$C,MATCH(E107,'Расчет Кплотн'!$A:$A,0)),"код не найден") -> Талгарский район | G107: КАТО местонахождения МО по ЦС «РПН» (выгрузка от 04.10.2026), соответствует КАТО 18.09.2026 | H107: 210340013878 | I107: 196243100
A108: 105 | B108: АЛМАТИНСКАЯ | C108: ТОО "RGK med" | D108: 7903 | E108: 1918 | F108: =IFERROR(INDEX('Расчет Кплотн'!$C:$C,MATCH(E108,'Расчет Кплотн'!$A:$A,0)),"код не найден") -> Алатау | G108: г. Алатау – единственный субъект ПМСП города (подтверждено); КАТО в ЦС «РПН» 196837100 – прежний код Илийского района | H108: 211040013146 | I108: 196837100
A109: 106 | B109: АЛМАТИНСКАЯ | C109: ТОО "Городской центр семейной медицины" | D109: 9044 | E109: 1910 | F109: =IFERROR(INDEX('Расчет Кплотн'!$C:$C,MATCH(E109,'Расчет Кплотн'!$A:$A,0)),"код не найден") -> Қонаев | G109: КАТО местонахождения МО по ЦС «РПН» (выгрузка от 04.10.2026), соответствует КАТО 18.09.2026 | H109: 210940026861 | I109: 191010000
A110: 107 | B110: АЛМАТИНСКАЯ | C110: ТОО "Бакай-1" | D110: 7077 | E110: 1940 | F110: =IFERROR(INDEX('Расчет Кплотн'!$C:$C,MATCH(E110,'Расчет Кплотн'!$A:$A,0)),"код не найден") -> Енбекшиказахский район | G110: КАТО местонахождения МО по ЦС «РПН» (выгрузка от 04.10.2026), соответствует КАТО 18.09.2026 | H110: 160640010476 | I110: 194020100
A111: 108 | B111: АЛМАТИНСКАЯ | C111: ТОО "Медицинский центр ЖАНҰЯ ЖҰМАБЕК Мед" | D111: 15136 | E111: 1952 | F111: =IFERROR(INDEX('Расчет Кплотн'!$C:$C,MATCH(E111,'Расчет Кплотн'!$A:$A,0)),"код не найден") -> Карасайский район | G111: КАТО местонахождения МО по ЦС «РПН» (выгрузка от 04.10.2026), соответствует КАТО 18.09.2026 | H111: 111140017865 | I111: 195220100
A112: 109 | B112: АЛМАТИНСКАЯ | C112: ТОО "ТАХЕТ" | D112: 13373 | E112: 1940 | F112: =IFERROR(INDEX('Расчет Кплотн'!$C:$C,MATCH(E112,'Расчет Кплотн'!$A:$A,0)),"код не найден") -> Енбекшиказахский район | G112: КАТО местонахождения МО по ЦС «РПН» (выгрузка от 04.10.2026), соответствует КАТО 18.09.2026 | H112: 840004833 | I112: 194067100
A113: 110 | B113: АЛМАТИНСКАЯ | C113: ТОО "ТОО "Talgar Clinic"" | D113: 12129 | E113: 1962 | F113: =IFERROR(INDEX('Расчет Кплотн'!$C:$C,MATCH(E113,'Расчет Кплотн'!$A:$A,0)),"код не найден") -> Талгарский район | G113: КАТО местонахождения МО по ЦС «РПН» (выгрузка от 04.10.2026), соответствует КАТО 18.09.2026 | H113: 200840013507 | I113: 196220100
A114: 111 | B114: АЛМАТИНСКАЯ | C114: ТОО "Daulet medical center" | D114: 22327 | E114: 1968 | F114: =IFERROR(INDEX('Расчет Кплотн'!$C:$C,MATCH(E114,'Расчет Кплотн'!$A:$A,0)),"код не найден") -> Илийский район | G114: КАТО местонахождения МО по ЦС «РПН» (выгрузка от 04.10.2026), соответствует КАТО 18.09.2026 | H114: 40840002735 | I114: 196835100
... A116: 113 | B116: АЛМАТИНСКАЯ | C116: ТОО "Алат С" | D116: 21513 | E116: 1952 | F116: =IFERROR(INDEX('Расчет Кплотн'!$C:$C,MATCH(E116,'Расчет Кплотн'!$A:$A,0)),"код не найден") -> Карасайский район | G116: КАТО местонахождения МО по ЦС «РПН» (выгрузка от 04.10.2026), соответствует КАТО 18.09.2026 | H116: 20640001111 | I116: 195220100
A117: 114 | B117: АЛМАТИНСКАЯ | C117: ТОО "CK-MED" | D117: 9239 | E117: 1952 | F117: =IFERROR(INDEX('Расчет Кплотн'!$C:$C,MATCH(E117,'Расчет Кплотн'!$A:$A,0)),"код не найден") -> Карасайский район | G117: КАТО местонахождения МО по ЦС «РПН» (выгрузка от 04.10.2026), соответствует КАТО 18.09.2026 | I117: 195237100
A118: 115 | B118: АЛМАТИНСКАЯ | C118: ТОО "TabibMed" | D118: 22222 | E118: 1940 | F118: =IFERROR(INDEX('Расчет Кплотн'!$C:$C,MATCH(E118,'Расчет Кплотн'!$A:$A,0)),"код не найден") -> Енбекшиказахский район | G118: КАТО местонахождения МО по ЦС «РПН» (выгрузка от 04.10.2026), соответствует КАТО 18.09.2026 | H118: 150640009916 | I118: 194020100
A119: 116 | B119: АЛМАТИНСКАЯ | C119: ТОО "ALMASEMED" | D119: 4388 | E119: 1952 | F119: =IFERROR(INDEX('Расчет Кплотн'!$C:$C,MATCH(E119,'Расчет Кплотн'!$A:$A,0)),"код не найден") -> Карасайский район | G119: КАТО местонахождения МО по ЦС «РПН» (выгрузка от 04.10.2026), соответствует КАТО 18.09.2026 | H119: 170740034280 | I119: 195220100
A120: 117 | B120: АЛМАТИНСКАЯ | C120: ТОО "ASMS Farm" | D120: 5899 | E120: 1962 | F120: =IFERROR(INDEX('Расчет Кплотн'!$C:$C,MATCH(E120,'Расчет Кплотн'!$A:$A,0)),"код не найден") -> Талгарский район | G120: КАТО местонахождения МО по ЦС «РПН» (выгрузка от 04.10.2026), соответствует КАТО 18.09.2026 | H120: 190440013191 | I120: 196245100
A121: 118 | B121: АЛМАТИНСКАЯ | C121: ГКП на ПВХ "Уйгурская центральная районная больница" ГУ "Управление здравоохранения Алматинской области" | D121: 52505 | E121: 1966 | F121: =IFERROR(INDEX('Расчет Кплотн'!$C:$C,MATCH(E121,'Расчет Кплотн'!$A:$A,0)),"код не найден") -> Уйгурский район | G121: КАТО местонахождения МО по ЦС «РПН» (выгрузка от 04.10.2026), соответствует КАТО 18.09.2026 | H121: 20240003916 | I121: 196630100
A122: 119 | B122: АЛМАТИНСКАЯ | C122: ГКП на праве хозяйственного ведения "Городская многопрофильная больница города Қонаев" государственного учреждения "Управление здравоохранения Алматинской области" | D122: 79847 | E122: 1910 | F122: =IFERROR(INDEX('Расчет Кплотн'!$C:$C,MATCH(E122,'Расчет Кплотн'!$A:$A,0)),"код не найден") -> Қонаев | G122: КАТО местонахождения МО по ЦС «РПН» (выгрузка от 04.10.2026), соответствует КАТО 18.09.2026 | H122: 100340013706 | I122: 191010000
A123: 120 | B123: АЛМАТИНСКАЯ | C123: ГКП на ПХВ "Балхашская центральная районная больница" государственного учреждения "Управление здравоохранения Алматинской области" | D123: 23512 | E123: 1936 | F123: =IFERROR(INDEX('Расчет Кплотн'!$C:$C,MATCH(E123,'Расчет Кплотн'!$A:$A,0)),"код не найден") -> Балхашский район | G123: КАТО местонахождения МО по ЦС «РПН» (выгрузка от 04.10.2026), соответствует КАТО 18.09.2026 | H123: 20240003847 | I123: 193630100
A124: 121 | B124: АЛМАТИНСКАЯ | C124: ГКП на ПХВ "Районная больница" с.Боралдай Илийского района государственного учреждения "Управления здравоохранения Алматинской области" | D124: 42183 | E124: 1968 | F124: =IFERROR(INDEX('Расчет Кплотн'!$C:$C,MATCH(E124,'Расчет Кплотн'!$A:$A,0)),"код не найден") -> Илийский район | G124: КАТО местонахождения МО по ЦС «РПН» (выгрузка от 04.10.2026), соответствует КАТО 18.09.2026 | H124: 90240011484 | I124: 196835100
A125: 122 | B125: АЛМАТИНСКАЯ | C125: ГКП на ПХВ "Талгарская центральная районная больница" ГУ "Управление здравоохранения Алматинской области" | D125: 214034 | E125: 1962 | F125: =IFERROR(INDEX('Расчет Кплотн'!$C:$C,MATCH(E125,'Расчет Кплотн'!$A:$A,0)),"код не найден") -> Талгарский район | G125: КАТО местонахождения МО по ЦС «РПН» (выгрузка от 04.10.2026), соответствует КАТО 18.09.2026 | H125: 100240018397 | I125: 196220100
A126: 123 | B126: АЛМАТИНСКАЯ | C126: Государственное коммунальное предприятие на праве хозяйственного ведения "Илийская центральная районная больница" государственного учреждения "Управления здравоохранения Алматинской области" акимата Алматинской области. | D126: 206731 | E126: 1968 | F126: =IFERROR(INDEX('Расчет Кплотн'!$C:$C,MATCH(E126,'Расчет Кплотн'!$A:$A,0)),"код не найден") -> Илийский район | G126: КАТО местонахождения МО по ЦС «РПН» (выгрузка от 04.10.2026), соответствует КАТО 18.09.2026 | H126: 20240004459 | I126: 196830100
A127: 124 | B127: АЛМАТИНСКАЯ | C127: ГКП на ПХВ "Енбекшиказахская многопрофильная центральная районная больница" ГУ "Управление здравоохранение Алматинскоя области" | D127: 161100 | E127: 1940 | F127: =IFERROR(INDEX('Расчет Кплотн'!$C:$C,MATCH(E127,'Расчет Кплотн'!$A:$A,0)),"код не найден") -> Енбекшиказахский район | G127: КАТО местонахождения МО по ЦС «РПН» (выгрузка от 04.10.2026), соответствует КАТО 18.09.2026 | H127: 100240023650 | I127: 194020100
...

Sheet БКПН (приказ 170)
A1: Базовый КПН ПМСП по приказу № ҚР ДСМ-170/2020 (ред. приказа от 31.12.2025 № 176), приложение 8 и приложение 1 к тарифам, тенге
A3: Регион | B3: БКПН для субъектов городского значения | C3: БКПН для субъектов районного значения и села
A4: область Абай | B4: =Моделирование!$F$2 -> 1686.17 | C4: 1911.91
A5: Западно-Казахстанская область | B5: =Моделирование!$F$2 -> 1686.17 | C5: 2171.11
A6: Карагандинская область | B6: =Моделирование!$F$2 -> 1686.17 | C6: 1850.91
A7: Павлодарская область | B7: =Моделирование!$F$2 -> 1686.17 | C7: 2249.81
A8: Северо-Казахстанская область | B8: =Моделирование!$F$2 -> 1686.17 | C8: 2052.18
A9: область Ұлытау | B9: =Моделирование!$F$2 -> 1686.17 | C9: 1850.91
A10: Восточно-Казахстанская область | B10: =Моделирование!$F$2 -> 1686.17 | C10: 1911.91
A12: Остальные регионы: 1 686,17 тенге для всех субъектов ПМСП (приложение 8). Субъекты районного значения и села – субъекты ПМСП, расположенные в районах (тип территории «район» на листе «Расчет Кплотн»).

Sheet Курчум – Марқакөл
A1: Подтверждение численности района Марқакөл: прикреплённое население КГП на ПХВ «Районная больница Курчумского района» по участкам
A2: Источник: список прикреплённого населения по медицинской организации, ЦС «РПН» (на 01.01.2026, сформирован 28.08.2026), 19 647 чел.; адрес проживания – графа «Адрес» (район, сельский округ).
A4: Участок | B4: Прикреплено, чел. | C4: в т.ч. проживают в сельских округах района Марқакөл | D4: Доля | E4: Обслуживает район Марқакөл
A5: 1 общей практики | B5: 2233 | C5: 13 | D5: =C5/B5 -> 0.0058217644 | E5: нет
A6: 3 общей практики | B6: 2105 | C6: 5 | D6: =C6/B6 -> 0.0023752969 | E6: нет
A7: 7 общей практики | B7: 1863 | C7: 13 | D7: =C7/B7 -> 0.0069779925 | E7: нет
A8: 2 общей практики | B8: 1805 | C8: 10 | D8: =C8/B8 -> 0.0055401662 | E8: нет
A9: 101 общей практики | B9: 1676 | C9: 1525 | D9: =C9/B9 -> 0.90990453 | E9: да
A10: 10 общей практики | B10: 1580 | C10: 39 | D10: =C10/B10 -> 0.024683544 | E10: нет
A11: 102 общей практики | B11: 1433 | C11: 1296 | D11: =C11/B11 -> 0.90439637 | E11: да
A12: 9 общей практики | B12: 1398 | C12: 8 | D12: =C12/B12 -> 0.0057224607 | E12: нет
A13: 12 общей практики | B13: 1359 | C13: 17 | D13: =C13/B13 -> 0.012509198 | E13: нет
A14: 106 общей практики | B14: 1336 | C14: 1181 | D14: =C14/B14 -> 0.88398204 | E14: да
A15: 104 общей практики | B15: 1180 | C15: 1071 | D15: =C15/B15 -> 0.90762712 | E15: да
A16: 2 педиатрический | B16: 1019 | C16: 8 | D16: =C16/B16 -> 0.0078508342 | E16: нет
A17: 105 общей практики | B17: 660 | C17: 581 | D17: =C17/B17 -> 0.88030303 | E17: да
A18: Итого по Курчумской РБ | B18: =SUM(B5:B17) -> 19647 | C18: =SUM(C5:C17) -> 5767
A21: Район Марқакөл (участки № 101, 102, 104, 105, 106):
A22: Численность, принятая в расчёте, чел. | C22: =SUMIFS(B5:B17,E5:E17,"да") -> 6285
A23: Справочно: проживают в сельских округах района Марқакөл (Теректинский/Маркакольский, Тоскаинский, Бурановский, Акбулакский, Калжырский), всего по РБ, чел. | C23: =C18 -> 5767
A24: Курчумский район (Курчумская РБ за вычетом района Марқакөл), чел. | C24: =B18-C22 -> 13362
A26: Сельские округа района Марқакөл – по КАТО 18.09.2026 (635530000 Маркакольский, 635533000 Тоскаинский, 635535000 Бурановский, 635537000 Акбулакский, 635539000 Калжырский с.о.); Теректинский с.о. в адресах ЦС «РПН» соответствует Маркакольскому с.о. (с. Теректы, Акжайлау).
A27: Численность выгрузки по МО (19 647 чел.) отличается от сводной выгрузки ЦС «РПН» на 01.01.2026 по Курчумской РБ (19 655 чел.) на 8 чел.

Sheet Сопоставление РПН и КАТО 
A1: Сравнение источников для определения района (города) местонахождения субъектов ПМСП
A2: Численность – ИС «РПН» на 01.01.2026; КАТО – классификатор на 18.09.2026; расчёт КПН – листы ГОБМП/ОСМС файла «Расчет ПВК и КПН (Моделирование)».
A4: № | B4: Область (ИС «РПН») | C4: Наименование субъекта ПМСП | D4: БИН | E4: Прикреплённое население (ИС «РПН» на 01.01.2026), чел. | F4: Район по ИС «РПН» | G4: Район по КАТО (по наименованию МО) | H4: Интернет-источник (ссылка) | I4: Принятый район в расчёте | J4: Тип территории | K4: Влияет на Кплотн | L4: Результат сравнения | M4: Примечание
A5: 1 | B5: АБАЙ | C5: "Коммунальное госудаственное предприятие на праве хозяйственного ведения "Аксуатская районная больница" управления здравоохранения области Абай" | D5: 080640003228 | E5: 16638 | F5: не указан | G5: район Ақсуат (1034) | I5: район Ақсуат (1034) | J5: район | K5: да | L5: Совпадает (КАТО = расчёт КПН)
A6: 2 | B6: АБАЙ | C6: Учреждение "Семейная амбулатория "Азат" | D6: 970440001312 | E6: 3051 | F6: не указан | G6: – | I6: Жарминский район (1042) | J6: район | K6: да | L6: Только расчёт КПН – требует подтверждения
A7: 3 | B7: АБАЙ | C7: У-е "Сельская амбулатория "Гармония" | D7: 980240018349 | E7: 1800 | F7: не указан | G7: – | I7: район Жаңасемей (1041) | J7: район | K7: да | L7: Только расчёт КПН – требует подтверждения
A8: 4 | B8: АБАЙ | C8: У-е "Поликлиника "Хаким" | D8: 970340000417 | E8: 11712 | F8: не указан | G8: – | H8: https://enbek.kz/ru | I8: Семей (1010) | J8: областной центр | K8: нет | L8: Только расчёт КПН (на Кплотн не влияет) – подтвердить
A9: 5 | B9: АБАЙ | C9: У-е "Консультативно-диагностическая поликлиника № 3 города Семей" | D9: 130640005216 | E9: 19280 | F9: не указан | G9: Семей (1010) | I9: Семей (1010) | J9: областной центр | K9: нет | L9: Совпадает (КАТО = расчёт КПН)
A10: 6 | B10: АБАЙ | C10: У-е "Казыгул" | E10: 12766 | F10: не указан | G10: – | I10: Аягозский район (1036) | J10: район | K10: да | L10: Не определён – отнесён к областному центру, требует подтверждения
A11: 7 | B11: АБАЙ | C11: ТОО "Семейская железнодорожная больница" | D11: 180440021408 | E11: 35836 | F11: не указан | G11: – | I11: Семей (1010) | J11: областной центр | K11: нет | L11: Только расчёт КПН (на Кплотн не влияет) – подтвердить
A12: 8 | B12: АБАЙ | C12: ТОО "Поликлиника №6 города Семей" | D12: 130740008581 | E12: 40134 | F12: не указан | G12: Семей (1010) | I12: Семей (1010) | J12: областной центр | K12: нет | L12: Совпадает (КАТО = расчёт КПН)
A13: 9 | B13: АБАЙ | C13: ТОО "Клиника iv plus" | D13: 090940007481 | E13: 6545 | F13: не указан | G13: – | I13: Семей (1010) | J13: областной центр | K13: нет | L13: Только расчёт КПН (на Кплотн не влияет) – подтвердить
A14: 10 | B14: АБАЙ | C14: ТОО "Жан-Ер" | D14: 051140004661 | E14: 9433 | F14: не указан | G14: – | I14: Семей (1010) | J14: областной центр | K14: нет | L14: Только расчёт КПН (на Кплотн не влияет) – подтвердить
A15: 11 | B15: АБАЙ | C15: ТОО "Әділ-Ем" | D15: 100840005535 | E15: 14153 | F15: не указан | G15: – | I15: Семей (1010) | J15: областной центр | K15: нет | L15: Только расчёт КПН (на Кплотн не влияет) – подтвердить
A16: 12 | B16: АБАЙ | C16: Медицинское учреждение "Поликлиника № 8 города Семей" | D16: 191140014657 | E16: 9227 | F16: не указан | G16: Семей (1010) | I16: Семей (1010) | J16: областной центр | K16: нет | L16: Совпадает (КАТО = расчёт КПН)
A17: 13 | B17: АБАЙ | C17: Медицинское У-е "Победа" | D17: 980640000350 | E17: 9841 | F17: не указан | G17: – | I17: Семей (1010) | J17: областной центр | K17: нет | L17: Только расчёт КПН (на Кплотн не влияет) – подтвердить
A18: 14 | B18: АБАЙ | C18: Коммунальное государственное предприятие на праве хозяйственного ведения «Многопрофильная центральная районная больница Урджарского района» управления здравоохранения области Абай | D18: 080640010558 | E18: 34662 | F18: не указан | G18: Урджарский район (1046) | I18: Урджарский район (1046) | J18: район | K18: да | L18: Совпадает (КАТО = расчёт КПН)
A19: 15 | B19: АБАЙ | C19: Коммунальное государственное предприятие на праве хозяйственного ведения «Бескарагайская районная больница» управления здравоохранения области Абай | D19: 080640010372 | E19: 14632 | F19: не указан | G19: Бескарагайский район (1038) | I19: Бескарагайский район (1038) | J19: район | K19: да | L19: Совпадает (КАТО = расчёт КПН)
A20: 16 | B20: АБАЙ | C20: Коммунальное государственное предприятие на праве хозяйственного ведения "Больница района Мақаншы" управления здравоохранения области Абай | D20: 130340021485 | E20: 22908 | F20: не указан | G20: район Мақаншы (1045) | I20: район Мақаншы (1045) | J20: район | K20: да | L20: Совпадает (КАТО = расчёт КПН)
A21: 17 | B21: АБАЙ | C21: МУ "Центральная смотровая поликлиника" | D21: 050740001874 | E21: 17699 | F21: не указан | G21: – | I21: Семей (1010) | J21: областной центр | K21: нет | L21: Только расчёт КПН (на Кплотн не влияет) – подтвердить
A22: 18 | B22: АБАЙ | C22: КГП на ПХВ «Поликлиника № 2 города Семей» управления здравоохранения области Абай | D22: 080640013601 | E22: 31215 | F22: не указан | G22: Семей (1010) | I22: Семей (1010) | J22: областной центр | K22: нет | L22: Совпадает (КАТО = расчёт КПН)
... A34: 30 | B34: АБАЙ | C34: КГП на ПХВ "Шарская городская больница" управления здравоохранения области Абай | D34: 080640006916 | E34: 11473 | F34: не указан | G34: Жарминский район (1042) | I34: Жарминский район (1042) | J34: район | K34: да | L34: Совпадает (КАТО = расчёт КПН)
A35: 31 | B35: АБАЙ | C35: КГП на ПХВ "Шульбинская врачебная амбулатория" управления здравоохранения области Абай | E35: 2664 | F35: не указан | G35: район Жаңасемей (1041) | I35: район Жаңасемей (1041) | J35: район | K35: да | L35: Только КАТО (в расчёте КПН нет)
A36: 32 | B36: АБАЙ | C36: КГП на ПХВ «Курчатовская городская больница» управления здравоохранения области Абай | D36: 011240001762 | E36: 9984 | F36: не указан | G36: Курчатов (1018) | I36: Курчатов (1018) | J36: моногород / малый город | K36: нет | L36: Совпадает (КАТО = расчёт КПН)
A37: 33 | B37: АБАЙ | C37: КГП на ПХВ "Поликлиника № 4 города Семей" управления здравоохранения области Абай | D37: 080640009455 | E37: 25495 | F37: не указан | G37: Семей (1010) | I37: Семей (1010) | J37: областной центр | K37: нет | L37: Совпадает (КАТО = расчёт КПН)
A38: 34 | B38: АКМОЛИНСКАЯ | C38: Государственное коммунальное казенное предприятие "Степногорская многопрофильная городская больница" при управлении здравоохранения Акмолинской области | D38: 950740000537 | E38: 4981 | F38: не указан | G38: Степногорск (1118) | I38: Степногорск (1118) | J38: моногород / малый город | K38: нет | L38: Совпадает (КАТО = расчёт КПН)
A39: 35 | B39: АКМОЛИНСКАЯ | C39: Государственное коммунальное предприятие на праве хозяйственного ведения "Аршалынская районная больница" при управлении здравоохранения Акмолинской области | D39: 090340005863 | E39: 24999 | F39: не указан | G39: Аршалынский район (1134) | I39: Аршалынский район (1134) | J39: район | K39: да | L39: Совпадает (КАТО = расчёт КПН)
A40: 36 | B40: АКМОЛИНСКАЯ | C40: Государственное коммунальное предприятие на праве хозяйственного ведения "Больница района Биржан сал" при управлении здравоохранения Акмолинской области | D40: 090340010380 | E40: 10616 | F40: не указан | G40: район Биржан сал (1145) | I40: район Биржан сал (1145) | J40: район | K40: да | L40: Совпадает (КАТО = расчёт КПН)
A41: 37 | B41: АКМОЛИНСКАЯ | C41: Государственное коммунальное предприятие на праве хозяйственного ведения "Городская поликлиника №1 города Косшы" при управлении здравоохранения Акмолинской области | E41: 17875 | F41: не указан | G41: Косшы (1116) | I41: Косшы (1116) | J41: моногород / малый город | K41: нет | L41: Только КАТО (в расчёте КПН нет)
A42: 38 | B42: АКМОЛИНСКАЯ | C42: Государственное коммунальное предприятие на праве хозяйственного ведения "Центр первичной медико - санитарной помощи" при управлении здравоохранения Акмолинской области | D42: 990640001509 | E42: 15621 | F42: не указан | G42: – | I42: Кокшетау (1110) | J42: областной центр | K42: нет | L42: Только расчёт КПН (на Кплотн не влияет) – подтвердить
A43: 39 | B43: АКМОЛИНСКАЯ | C43: ТОО "Кокшетауская железнодорожная больница" | D43: 180440020241 | E43: 13810 | F43: не указан | G43: – | I43: Кокшетау (1110) | J43: областной центр | K43: нет | L43: Только расчёт КПН (на Кплотн не влияет) – подтвердить
A44: 40 | B44: АКМОЛИНСКАЯ | C44: ТОО "Клиника Панацея" | D44: 160840010265 | E44: 24854 | F44: не указан | G44: – | I44: Кокшетау (1110) | J44: областной центр | K44: нет | L44: Только расчёт КПН (на Кплотн не влияет) – подтвердить
A45: 41 | B45: АКМОЛИНСКАЯ | C45: ТОО "Клиника Эндохирургии" | D45: 140940007146 | E45: 13446 | F45: не указан | G45: – | I45: Целиноградский район (1166) | J45: район | K45: да | L45: Только расчёт КПН – требует подтверждения
A46: 42 | B46: АКМОЛИНСКАЯ | C46: ТОО "ПОЛИКЛИНИКА "CITY" с.Кызылжар | D46: 180240025700 | E46: 2212 | F46: не указан | G46: Целиноградский район (1166) | I46: Целиноградский район (1166) | J46: район | K46: да | L46: Совпадает (КАТО = расчёт КПН)
A47: 43 | B47: АКМОЛИНСКАЯ | C47: Филиал товарищества с ограниченной ответственностью "VIAMEDIS" в городе Кокшетау | D47: 200741010148 | E47: 154860 | F47: не указан | G47: Кокшетау (1110) | I47: Кокшетау (1110) | J47: областной центр | K47: нет | L47: Совпадает (КАТО = расчёт КПН)
A48: 44 | B48: АКМОЛИНСКАЯ | C48: ГКПнаПХВ «Егиндыкольская районная больница» при управлении здравоохранения Акмолинской области | D48: 040640003220 | E48: 4948 | F48: не указан | G48: Егиндыкольский район (1144) | I48: Егиндыкольский район (1144) | J48: район | K48: да | L48: Совпадает (КАТО = расчёт КПН)
A49: 45 | B49: АКМОЛИНСКАЯ | C49: ТОО "Казахстанская социально-медицинская компания "Жанұя" Акмолинская область (производственная база) | D49: 180140017161 | E49: 29170 | F49: не указан | G49: – | I49: Косшы (1116) | J49: моногород / малый город | K49: нет | L49: Расхождение внутри расчёта КПН – требует подтверждения | M49: В расчёте КПН – г. Косшы, но Кплотн Целиноградского района (1,1961), население учтено как сельское
A50: 46 | B50: АКМОЛИНСКАЯ | C50: ГКП на ПХВ «Коргалжынская районная больница» при управлении здравоохранения Акмолинской области | D50: 040540002962 | E50: 6868 | F50: не указан | G50: Коргалжынский район (1160) | I50: Коргалжынский район (1160) | J50: район | K50: да | L50: Совпадает (КАТО = расчёт КПН)
A51: 47 | B51: АКМОЛИНСКАЯ | C51: ГКП на ПХВ "Есильская районная больница" при управлении здравоохранения Акмолинской области | D51: 040440004053 | E51: 20048 | F51: не указан | G51: Есильский район (1148) | I51: Есильский район (1148) | J51: район | K51: да | L51: Совпадает (КАТО = расчёт КПН)
A52: 48 | B52: АКМОЛИНСКАЯ | C52: ГКП на ПХВ "Шортандинская районная больница" при управлении здравоохранения Акмолинской области. | D52: 040540002883 | E52: 26416 | F52: не указан | G52: Шортандинский район (1168) | I52: Шортандинский район (1168) | J52: район | K52: да | L52: Совпадает (КАТО = расчёт КПН)
A53: 49 | B53: АКМОЛИНСКАЯ | C53: ГКП на ПХВ «Ерейментауская районная больница» при управлении здравоохранения Акмолинской области | D53: 040540003019 | E53: 21873 | F53: не указан | G53: Ерейментауский район (1146) | I53: Ерейментауский район (1146) | J53: район | K53: да | L53: Совпадает (КАТО = расчёт КПН)
A54: 50 | B54: АКМОЛИНСКАЯ | C54: ГКП на ПХВ "Аккольская районная больница" при управлении здравоохранения Акмолинской области | D54: 040540002972 | E54: 22417 | F54: не указан | G54: Аккольский район (1132) | I54: Аккольский район (1132) | J54: район | K54: да | L54: Совпадает (КАТО = расчёт КПН)
A55: 51 | B55: АКМОЛИНСКАЯ | C55: ГКП на ПХВ "Астраханская районная больница" при управлении здравоохранения Акмолинской области | D55: 040440004480 | E55: 18492 | F55: не указан | G55: Астраханский район (1136) | I55: Астраханский район (1136) | J55: район | K55: да | L55: Совпадает (КАТО = расчёт КПН)
A56: 52 | B56: АКМОЛИНСКАЯ | C56: ГКП на ПХВ "Буландынская районная больница" при управлении здравоохранения Акмолинской области | D56: 040540002912 | E56: 27446 | F56: не указан | G56: Буландынский район (1140) | I56: Буландынский район (1140) | J56: район | K56: да | L56: Совпадает (КАТО = расчёт КПН)
A57: 53 | B57: АКМОЛИНСКАЯ | C57: ГКП на ПХВ "Бурабайская районная поликлиника" при управлении здравоохранения Акмолинской области | D57: 070240006721 | E57: 70331 | F57: не указан | G57: Бурабайский район (1170) | I57: Бурабайский район (1170) | J57: район | K57: да | L57: Совпадает (КАТО = расчёт КПН)
A58: 54 | B58: АКМОЛИНСКАЯ | C58: ГКП на ПХВ "Городская поликлиника" при управлении здравоохранения Акмолинской области | D58: 030640002677 | E58: 87517 | F58: не указан | G58: – | I58: Кокшетау (1110) | J58: областной центр | K58: нет | L58: Только расчёт КПН (на Кплотн не влияет) – подтвердить
A59: 55 | B59: АКМОЛИНСКАЯ | C59: ГКП на ПХВ "Атбасарская многопрофильная межрайонная больница" при управлении здравоохранения Акмолинской области | D59: 040440000299 | E59: 43140 | F59: не указан | G59: Атбасарский район (1138) | I59: Атбасарский район (1138) | J59: район | K59: да | L59: Совпадает (КАТО = расчёт КПН)
A60: 56 | B60: АКМОЛИНСКАЯ | C60: ГКП на ПХВ "Жаксынская районная больница" при управлении здравоохранения Акмолинской области | D60: 040540002942 | E60: 14365 | F60: не указан | G60: Жаксынский район (1152) | I60: Жаксынский район (1152) | J60: район | K60: да | L60: Совпадает (КАТО = расчёт КПН)
A61: 57 | B61: АКМОЛИНСКАЯ | C61: ГКП на ПХВ "Жаркаинская районная больница" при управлении здравоохранения Акмолинской области | D61: 050340004933 | E61: 11920 | F61: не указан | G61: Жаркаинский район (1154) | I61: Жаркаинский район (1154) | J61: район | K61: да | L61: Совпадает (КАТО = расчёт КПН)
... A74: 70 | B74: АКТЮБИНСКАЯ | C74: ТОО "Медина Клиник" | D74: 170840008760 | E74: 9275 | F74: не указан | G74: – | I74: Актобе (1510) | J74: областной центр | K74: нет | L74: Только расчёт КПН (на Кплотн не влияет) – подтвердить
A75: 71 | B75: АКТЮБИНСКАЯ | C75: ТОО "Медицинский центр Евразия" | E75: 3026 | F75: не указан | G75: – | I75: Актобе (1510) | J75: областной центр | K75: нет | L75: Не определён – отнесён к областному центру, требует подтверждения
A76: 72 | B76: АКТЮБИНСКАЯ | C76: ТОО "Мир Женщины" | D76: 191240002914 | E76: 11483 | F76: не указан | G76: – | I76: Актобе (1510) | J76: областной центр | K76: нет | L76: Только расчёт КПН (на Кплотн не влияет) – подтвердить
A77: 73 | B77: АКТЮБИНСКАЯ | C77: ТОО "ТТ и К" | D77: 960740001567 | E77: 19534 | F77: не указан | G77: – | I77: Актобе (1510) | J77: областной центр | K77: нет | L77: Только расчёт КПН (на Кплотн не влияет) – подтвердить
A78: 74 | B78: АКТЮБИНСКАЯ | C78: ТОО Частный медицинский центр "Шипагер-С" | D78: 041240002322 | E78: 7824 | F78: не указан | G78: – | I78: Актобе (1510) | J78: областной центр | K78: нет | L78: Только расчёт КПН (на Кплотн не влияет) – подтвердить
A79: 75 | B79: АКТЮБИНСКАЯ | C79: У-е "Медикус Центр" | D79: 981240004163 | E79: 23868 | F79: не указан | G79: – | I79: Актобе (1510) | J79: областной центр | K79: нет | L79: Только расчёт КПН (на Кплотн не влияет) – подтвердить
A80: 76 | B80: АКТЮБИНСКАЯ | C80: Учреждение "Баишев мед" | D80: 190240016872 | E80: 6125 | F80: не указан | G80: – | I80: Актобе (1510) | J80: областной центр | K80: нет | L80: Только расчёт КПН (на Кплотн не влияет) – подтвердить
A81: 77 | B81: АКТЮБИНСКАЯ | C81: Государственное коммунальное предприятие «Темирская районная больница» на праве хозяйственного ведения государственного учреждения «Управление здравоохранения Актюбинской области» | D81: 990140004238 | E81: 31066 | F81: не указан | G81: Темирский район (1556) | I81: Темирский район (1556) | J81: район | K81: да | L81: Совпадает (КАТО = расчёт КПН)
A82: 78 | B82: АКТЮБИНСКАЯ | C82: ТОО "Медикер Илек" | D82: 161140016618 | E82: 12621 | F82: не указан | G82: – | I82: Актобе (1510) | J82: областной центр | K82: нет | L82: Только расчёт КПН (на Кплотн не влияет) – подтвердить
A83: 79 | B83: АКТЮБИНСКАЯ | C83: Государственное коммунальное предприятие «Городская поликлиника №6» на праве хозяйственного ведения государственного учреждения «Управление здравоохранения Актюбинской области» | D83: 141240016925 | E83: 34725 | F83: не указан | G83: – | I83: Актобе (1510) | J83: областной центр | K83: нет | L83: Только расчёт КПН (на Кплотн не влияет) – подтвердить
A84: 80 | B84: АКТЮБИНСКАЯ | C84: ТОО "Medet Ker" | D84: 160340013281 | E84: 8417 | F84: не указан | G84: – | I84: Актобе (1510) | J84: областной центр | K84: нет | L84: Только расчёт КПН (на Кплотн не влияет) – подтвердить
A85: 81 | B85: АКТЮБИНСКАЯ | C85: Государственное коммунальное предприятие "Шалкарская районная больница" на праве хозяйственного ведения государственного учреждения "Управление здравоохранения Актюбинской области" | D85: 990140004009 | E85: 38326 | F85: не указан | G85: Шалкарский район (1564) | I85: Шалкарский район (1564) | J85: район | K85: да | L85: Совпадает (КАТО = расчёт КПН)
A86: 82 | B86: АКТЮБИНСКАЯ | C86: Государственное коммунальное предприятие «Городская поликлиника №5» на праве хозяйственного ведения государственного учреждения «Управление здравоохранения Актюбинской области» | D86: 141240017389 | E86: 34180 | F86: не указан | G86: – | I86: Актобе (1510) | J86: областной центр | K86: нет | L86: Только расчёт КПН (на Кплотн не влияет) – подтвердить
A87: 83 | B87: АКТЮБИНСКАЯ | C87: ГКП "Айтекебийская районная больница" на праве хозяйственного ведения ГУ "Управление здравоохранения Актюбинской области" | D87: 990240006109 | E87: 18406 | F87: не указан | G87: Айтекебийский район (1534) | I87: Айтекебийский район (1534) | J87: район | K87: да | L87: Совпадает (КАТО = расчёт КПН)
... A123: 119 | B123: АЛМАТИНСКАЯ | C123: ТОО "ASMS Farm" | D123: 190440013191 | E123: 5785 | F123: не указан | G123: – | I123: Талгарский район (1962) | J123: район | K123: да | L123: Только расчёт КПН – требует подтверждения
A124: 120 | B124: АЛМАТИНСКАЯ | C124: ТОО "BRT clinic" | E124: 1513 | F124: не указан | G124: – | I124: Қонаев (1910) | J124: областной центр | K124: нет | L124: Не определён – отнесён к областному центру, требует подтверждения
A125: 121 | B125: АЛМАТИНСКАЯ | C125: ГКП на ПВХ "Уйгурская центральная районная больница" ГУ "Управление здравоохранения Алматинской области" | D125: 020240003916 | E125: 52577 | F125: не указан | G125: Уйгурский район (1966) | I125: Уйгурский район (1966) | J125: район | K125: да | L125: Совпадает (КАТО = расчёт КПН)
A126: 122 | B126: АЛМАТИНСКАЯ | C126: ГКП на праве хозяйственного ведения "Городская многопрофильная больница города Қонаев" государственного учреждения "Управление здравоохранения Алматинской области" | D126: 100340013706 | E126: 79776 | F126: не указан | G126: Қонаев (1910) | I126: Қонаев (1910) | J126: областной центр | K126: нет | L126: Совпадает (КАТО = расчёт КПН)
A127: 123 | B127: АЛМАТИНСКАЯ | C127: ГКП на ПХВ "Балхашская центральная районная больница" государственного учреждения "Управление здравоохранения Алматинской области" | D127: 020240003847 | E127: 23512 | F127: не указан | G127: Балхашский район (1936) | I127: Балхашский район (1936) | J127: район | K127: да | L127: Совпадает (КАТО = расчёт КПН)
A128: 124 | B128: АЛМАТИНСКАЯ | C128: ГКП на ПХВ "Енбекшиказахская многопрофильная центральная районная больница" ГУ "Управление здравоохранение Алматинскоя области" | D128: 100240023650 | E128: 162170 | F128: не указан | G128: Енбекшиказахский район (1940) | I128: Енбекшиказахский район (1940) | J128: район | K128: да | L128: Совпадает (КАТО = расчёт КПН)
A129: 125 | B129: АЛМАТИНСКАЯ | C129: ГКП на ПХВ "Талгарская центральная районная больница" ГУ "Управление здравоохранения Алматинской области" | D129: 100240018397 | E129: 208619 | F129: не указан | G129: Талгарский район (1962) | I129: Талгарский район (1962) | J129: район | K129: да | L129: Совпадает (КАТО = расчёт КПН)
A130: 126 | B130: АЛМАТИНСКАЯ | C130: Государственное коммунальное предприятие на праве хозяйственного ведения "Илийская центральная районная больница" государственного учреждения "Управления здравоохранения Алматинской области" акимата Алматинской области. | D130: 020240004459 | E130: 204256 | F130: не указан | G130: Илийский район (1968) | I130: Илийский район (1968) | J130: район | K130: да | L130: Совпадает (КАТО = расчёт КПН)
A131: 127 | B131: АЛМАТИНСКАЯ | C131: Государственное коммунальное предприятие на праве хозяйственного ведения "Районная больница" с.Каргалы Жамбылского района государственного учреждения "Управление здравоохранения Алматинской области" | D131: 090240008820 | E131: 41455 | F131: не указан | G131: Жамбылский район (1942) | I131: Жамбылский район (1942) | J131: район | K131: да | L131: Совпадает (КАТО = расчёт КПН)
A132: 128 | B132: АЛМАТИНСКАЯ | C132: ГКП на ПХВ "Районная больница" с.Боралдай Илийского района государственного учреждения "Управления здравоохранения Алматинской области" | D132: 090240011484 | E132: 42044 | F132: не указан | G132: Илийский район (1968) | I132: Илийский район (1968) | J132: район | K132: да | L132: Совпадает (КАТО = расчёт КПН)
A133: 129 | B133: АЛМАТИНСКАЯ | C133: КГП на ПХВ "Карасайская клиническая многопрофильная центральная районная больница" ГУ "Управление здравоохранения Алматинской области" | D133: 100340000118 | E133: 293345 | F133: не указан | G133: Карасайский район (1952) | I133: Карасайский район (1952) | J133: район | K133: да | L133: Совпадает (КАТО = расчёт КПН)
A134: 130 | B134: АЛМАТИНСКАЯ | C134: КГП на ПХВ "Кегенская районная больница" ГУ "Управление здравоохранения Алматинской области" | D134: 020240004627 | E134: 22750 | F134: не указан | G134: Кегенский район (1944) | I134: Кегенский район (1944) | J134: район | K134: да | L134: Совпадает (КАТО = расчёт КПН)
A135: 131 | B135: АЛМАТИНСКАЯ | C135: КГП на ПХВ "Райымбекская районная больница" ГУ "Управление здравоохранения Алматинской области" | D135: 090240009402 | E135: 26041 | F135: не указан | G135: Райымбекский район (1958) | I135: Райымбекский район (1958) | J135: район | K135: да | L135: Совпадает (КАТО = расчёт КПН)
A136: 132 | B136: АЛМАТИНСКАЯ | C136: Коммунальное государственное предприятия на праве хозяйственного ведения "Жамбылская многопрофильная центральная районная больница" государственного учреждения "Управление здравоохранения Алматинской области" | D136: 100340003293 | E136: 116462 | F136: не указан | G136: Жамбылский район (1942) | I136: Жамбылский район (1942) | J136: район | K136: да | L136: Совпадает (КАТО = расчёт КПН)
A137: 133 | B137: АЛМАТИНСКАЯ | C137: Товарищество с ограниченной ответственностью "МЕД ЦЕНТР "МЕДИНА" (МЕД ЦЕНТР МЕДИНА)" | E137: 3827 | F137: не указан | G137: – | I137: Қонаев (1910) | J137: областной центр | K137: нет | L137: Не определён – отнесён к областному центру, требует подтверждения
A138: 134 | B138: АЛМАТИНСКАЯ | C138: Товарищество с ограниченной ответственностью "Центр семейной медицины имени Нурадина Досжанова" | D138: 200640016683 | E138: 10327 | F138: не указан | G138: – | I138: Илийский район (1968) | J138: район | K138: да | L138: Только расчёт КПН – требует подтверждения
A139: 135 | B139: АЛМАТИНСКАЯ | C139: ТОО "ALMASEMED" | D139: 170740034280 | E139: 4274 | F139: не указан | G139: – | I139: Карасайский район (1952) | J139: район | K139: да | L139: Только расчёт КПН – требует подтверждения
A140: 136 | B140: АЛМАТИНСКАЯ | C140: КГП на ПХВ "Енбекшиказахская районная больница №1 села Шелек" ГУ "Управление здравоохранения Алматинской области" | D140: 090240005678 | E140: 77530 | F140: не указан | G140: Енбекшиказахский район (1940) | I140: Енбекшиказахский район (1940) | J140: район | K140: да | L140: Совпадает (КАТО = расчёт КПН)
A141: 137 | B141: АЛМАТЫ | C141: ТОО "Med Lab экспресс" | D141: 131240008596 | E141: 5320 | F141: г. Алматы | G141: г. Алматы | I141: г. Алматы (7500) | J141: город респ. значения | K141: нет | L141: Совпадает (город респ. значения по ИС «РПН»)
A142: 138 | B142: АЛМАТЫ | C142: ТОО "Smart Health University City" | D142: 140740016118 | E142: 7911 | F142: г. Алматы | G142: г. Алматы | I142: г. Алматы (7500) | J142: город респ. значения | K142: нет | L142: Совпадает (город респ. значения по ИС «РПН»)
A143: 139 | B143: АЛМАТЫ | C143: ТОО "SadAli Group" | D143: 160340019290 | E143: 7234 | F143: г. Алматы | G143: г. Алматы | I143: г. Алматы (7500) | J143: город респ. значения | K143: нет | L143: Совпадает (город респ. значения по ИС «РПН»)
A144: 140 | B144: АЛМАТЫ | C144: ТОО "Qamqor Сlinic Almaty" | D144: 220740040841 | E144: 13704 | F144: г. Алматы | G144: г. Алматы | I144: г. Алматы (7500) | J144: город респ. значения | K144: нет | L144: Совпадает (город респ. значения по ИС «РПН»)
A145: 141 | B145: АЛМАТЫ | C145: ТОО "Open medical channel" | D145: 080440002679 | E145: 24730 | F145: г. Алматы | G145: г. Алматы | I145: г. Алматы (7500) | J145: город респ. значения | K145: нет | L145: Совпадает (город респ. значения по ИС «РПН»)
A146: 142 | B146: АЛМАТЫ | C146: ТОО "Nurlab medical clinic №1" | D146: 220740013359 | E146: 11946 | F146: г. Алматы | G146: г. Алматы | I146: г. Алматы (7500) | J146: город респ. значения | K146: нет | L146: Совпадает (город респ. значения по ИС «РПН»)
A147: 143 | B147: АЛМАТЫ | C147: ТОО "KazMed Company" | D147: 220640002598 | E147: 10059 | F147: г. Алматы | G147: г. Алматы | I147: г. Алматы (7500) | J147: город респ. значения | K147: нет | L147: Совпадает (город респ. значения по ИС «РПН»)
A148: 144 | B148: АЛМАТЫ | C148: Республиканское государственное предприятие на праве хозяйственного ведения "Национальный госпиталь Медицинского центра Управления делами Президента Республики Казахстан" | D148: 231040023028 | E148: 19958 | F148: г. Алматы | G148: г. Алматы | I148: г. Алматы (7500) | J148: город респ. значения | K148: нет | L148: Совпадает (город респ. значения по ИС «РПН»)
A149: 145 | B149: АЛМАТЫ | C149: ТОО "D0CT0R H@USE" | D149: 170140027682 | E149: 10598 | F149: г. Алматы | G149: г. Алматы | I149: г. Алматы (7500) | J149: город респ. значения | K149: нет | L149: Совпадает (город респ. значения по ИС «РПН»)
... A155: 151 | B155: АЛМАТЫ | C155: Товарищество с ограниченной ответственностью "LS-clinic" | D155: 100640010465 | E155: 17572 | F155: г. Алматы | G155: г. Алматы | I155: г. Алматы (7500) | J155: город респ. значения | K155: нет | L155: Совпадает (город респ. значения по ИС «РПН»)
A156: 152 | B156: АЛМАТЫ | C156: ТОО "АСМЕД Мынбаева" | E156: 19800 | F156: г. Алматы | G156: г. Алматы | I156: г. Алматы (7500) | J156: город респ. значения | K156: нет | L156: Совпадает (город респ. значения по ИС «РПН»)
A157: 153 | B157: АЛМАТЫ | C157: ТОО "HAYY CLINIC" | D157: 231040037672 | E157: 6591 | F157: г. Алматы | G157: г. Алматы | I157: г. Алматы (7500) | J157: город респ. значения | K157: нет | L157: Совпадает (город респ. значения по ИС «РПН»)
A158: 154 | B158: АЛМАТЫ | C158: ТОО "АСМЕД Тургут Озала" | D158: 020940005809 | E158: 64039 | F158: г. Алматы | G158: г. Алматы | I158: г. Алматы (7500) | J158: город респ. значения | K158: нет | L158: Совпадает (город респ. значения по ИС «РПН»)
A159: 155 | B159: АЛМАТЫ | C159: ТОО "Медицинский центр "Med City" | D159: 220240030777 | E159: 18022 | F159: г. Алматы | G159: г. Алматы | I159: г. Алматы (7500) | J159: город респ. значения | K159: нет | L159: Совпадает (город респ. значения по ИС «РПН»)
A160: 156 | B160: АЛМАТЫ | C160: ТОО "Достар Мед" | D160: 010740001659 | E160: 49952 | F160: г. Алматы | G160: г. Алматы | I160: г. Алматы (7500) | J160: город респ. значения | K160: нет | L160: Совпадает (город респ. значения по ИС «РПН»)
A161: 157 | B161: АЛМАТЫ | C161: НАО "КазНМУ" | D161: 181240006407 | E161: 14169 | F161: г. Алматы | G161: г. Алматы | I161: г. Алматы (7500) | J161: город респ. значения | K161: нет | L161: Совпадает (город респ. значения по ИС «РПН»)
A162: 158 | B162: АЛМАТЫ | C162: ТОО "Центральная семейная поликлиника города Алматы" | D162: 040240003345 | E162: 40145 | F162: г. Алматы | G162: г. Алматы | I162: г. Алматы (7500) | J162: город респ. значения | K162: нет | L162: Совпадает (город респ. значения по ИС «РПН»)
A163: 159 | B163: АЛМАТЫ | C163: ТОО "Республиканский семейно- врачебный центр" | D163: 020740002381 | E163: 18667 | F163: г. Алматы | G163: г. Алматы | I163: г. Алматы (7500) | J163: город респ. значения | K163: нет | L163: Совпадает (город респ. значения по ИС «РПН»)
A164: 160 | B164: АЛМАТЫ | C164: ТОО "Региональный Диагностический Центр" | D164: 990240002651 | E164: 4203 | F164: г. Алматы | G164: г. Алматы | I164: г. Алматы (7500) | J164: город респ. значения | K164: нет | L164: Совпадает (город респ. значения по ИС «РПН»)
...
