Workbook

Sheet Расчет Кплотн СМП
A1: Коэффициент плотности населения для СМП по приказу № ҚР ДСМ-309/2020: Кплотн.обл = 1 + В × Плотн.РК / Пнас.обл
A2: Численность – ЦС «РПН» на 01.01.2026; площадь – МСХ РК на 01.01.2026; сравнение – приказ № ҚР ДСМ-170/2020 (ред. 31.12.2025), прил. 2 к подушевому нормативу СМП.
A3: В (коэффициент корреляции Пирсона плотности и численности по областям, без городов республиканского значения и столицы): | F3: =ROUND(CORREL(E8:E24,D8:D24),4) -> 0.8898
A4: Плотн.РК, чел./км²: | F4: =E7 -> 7.444176
A6: Регион | B6: Площадь, тыс. га (МСХ) | C6: Площадь, км² | D6: Прикреплённое население РПН на 01.01.2026, чел. | E6: Плотность, чел./км² | F6: Кплотн расчётный | G6: Кплотн по приказу № 309 | H6: Кплотн по приказу № 170 | I6: Изменение
A7: Итого по РК | B7: =SUM(B8:B27) -> 272496.5 | C7: =SUM(C8:C27) -> 2724965 | D7: =SUM(D8:D27) -> 20285119 | E7: =D7/C7 -> 7.444176 | G7: =SUMPRODUCT(D8:D27,G8:G27)/D7 -> 1.6120591 | H7: =SUMPRODUCT(D8:D27,H8:H27)/D7 -> 1.3440044 | I7: =G7-H7 -> 0.26805477
A8: Абайская область | B8: =SUMIFS('Площадь МСХ'!$C:$C,'Площадь МСХ'!$A:$A,"Абай облысы") -> 18547.663 | C8: =B8*10 -> 185476.63 | D8: ='РПН по регионам'!C4 -> 612697 | E8: =D8/C8 -> 3.303365 | F8: =ROUND(1+$F$3*$F$4/E8,4) -> 3.0052 | G8: =IF(LEFT(A8,5)="город",1,MIN(F8,2)) -> 2 | H8: 1.7274 | I8: =G8-H8 -> 0.2726
A9: Акмолинская область | B9: =SUMIFS('Площадь МСХ'!$C:$C,'Площадь МСХ'!$A:$A,"Ақмола облысы") -> 14613.119 | C9: =B9*10 -> 146131.19 | D9: ='РПН по регионам'!C5 -> 759909 | E9: =D9/C9 -> 5.2001835 | F9: =ROUND(1+$F$3*$F$4/E9,4) -> 2.2738 | G9: =IF(LEFT(A9,5)="город",1,MIN(F9,2)) -> 2 | H9: 1.5034 | I9: =G9-H9 -> 0.4966
A10: Актюбинская область | B10: =SUMIFS('Площадь МСХ'!$C:$C,'Площадь МСХ'!$A:$A,"Ақтөбе облысы") -> 30062.9 | C10: =B10*10 -> 300629 | D10: ='РПН по регионам'!C6 -> 932844 | E10: =D10/C10 -> 3.1029741 | F10: =ROUND(1+$F$3*$F$4/E10,4) -> 3.1347 | G10: =IF(LEFT(A10,5)="город",1,MIN(F10,2)) -> 2 | H10: 1.8715 | I10: =G10-H10 -> 0.1285
A11: Алматинская область | B11: =SUMIFS('Площадь МСХ'!$C:$C,'Площадь МСХ'!$A:$A,"Алматы облысы") -> 10509.053 | C11: =B11*10 -> 105090.53 | D11: ='РПН по регионам'!C7 -> 1631443 | E11: =D11/C11 -> 15.524168 | F11: =ROUND(1+$F$3*$F$4/E11,4) -> 1.4267 | G11: =IF(LEFT(A11,5)="город",1,MIN(F11,2)) -> 1.4267 | H11: 1.1886 | I11: =G11-H11 -> 0.2381
A12: Атырауская область | B12: =SUMIFS('Площадь МСХ'!$C:$C,'Площадь МСХ'!$A:$A,"Атырау облысы") -> 11863.118 | C12: =B12*10 -> 118631.18 | D12: ='РПН по регионам'!C8 -> 705806 | E12: =D12/C12 -> 5.9495826 | F12: =ROUND(1+$F$3*$F$4/E12,4) -> 2.1133 | G12: =IF(LEFT(A12,5)="город",1,MIN(F12,2)) -> 2 | H12: 1.4619 | I12: =G12-H12 -> 0.5381
A13: Западно-Казахстанская область | B13: =SUMIFS('Площадь МСХ'!$C:$C,'Площадь МСХ'!$A:$A,"Батыс Қазақстан облысы") -> 15133.85 | C13: =B13*10 -> 151338.5 | D13: ='РПН по регионам'!C9 -> 691973 | E13: =D13/C13 -> 4.5723527 | F13: =ROUND(1+$F$3*$F$4/E13,4) -> 2.4487 | G13: =IF(LEFT(A13,5)="город",1,MIN(F13,2)) -> 2 | H13: 1.5961 | I13: =G13-H13 -> 0.4039
A14: Жамбылская область | B14: =SUMIFS('Площадь МСХ'!$C:$C,'Площадь МСХ'!$A:$A,"Жамбыл облысы") -> 14427.39 | C14: =B14*10 -> 144273.9 | D14: ='РПН по регионам'!C10 -> 1171622 | E14: =D14/C14 -> 8.1208177 | F14: =ROUND(1+$F$3*$F$4/E14,4) -> 1.8157 | G14: =IF(LEFT(A14,5)="город",1,MIN(F14,2)) -> 1.8157 | H14: 1.3212 | I14: =G14-H14 -> 0.4945
A15: Жетысуская область | B15: =SUMIFS('Площадь МСХ'!$C:$C,'Площадь МСХ'!$A:$A,"Жетісу облысы") -> 11845.998 | C15: =B15*10 -> 118459.98 | D15: ='РПН по регионам'!C11 -> 651691 | E15: =D15/C15 -> 5.5013602 | F15: =ROUND(1+$F$3*$F$4/E15,4) -> 2.204 | G15: =IF(LEFT(A15,5)="город",1,MIN(F15,2)) -> 2 | H15: 1.4611 | I15: =G15-H15 -> 0.5389
A16: Карагандинская область | B16: =SUMIFS('Площадь МСХ'!$C:$C,'Площадь МСХ'!$A:$A,"Қарағанды облысы") -> 23904.636 | C16: =B16*10 -> 239046.36 | D16: ='РПН по регионам'!C12 -> 1191836 | E16: =D16/C16 -> 4.9857944 | F16: =ROUND(1+$F$3*$F$4/E16,4) -> 2.3285 | G16: =IF(LEFT(A16,5)="город",1,MIN(F16,2)) -> 2 | H16: 1.5721 | I16: =G16-H16 -> 0.4279
A17: Костанайская область | B17: =SUMIFS('Площадь МСХ'!$C:$C,'Площадь МСХ'!$A:$A,"Қостанай облысы") -> 19600.127 | C17: =B17*10 -> 196001.27 | D17: ='РПН по регионам'!C13 -> 782371 | E17: =D17/C17 -> 3.9916629 | F17: =ROUND(1+$F$3*$F$4/E17,4) -> 2.6594 | G17: =IF(LEFT(A17,5)="город",1,MIN(F17,2)) -> 2 | H17: 1.6402 | I17: =G17-H17 -> 0.3598
A18: Кызылординская область | B18: =SUMIFS('Площадь МСХ'!$C:$C,'Площадь МСХ'!$A:$A,"Қызылорда облысы")+5.498 -> 22607.446 | C18: =B18*10 -> 226074.46 | D18: ='РПН по регионам'!C14 -> 811837 | E18: =D18/C18 -> 3.591016 | F18: =ROUND(1+$F$3*$F$4/E18,4) -> 2.8446 | G18: =IF(LEFT(A18,5)="город",1,MIN(F18,2)) -> 2 | H18: 1.7272 | I18: =G18-H18 -> 0.2728
A19: Мангистауская область | B19: =SUMIFS('Площадь МСХ'!$C:$C,'Площадь МСХ'!$A:$A,"Маңғыстау облысы") -> 16564.187 | C19: =B19*10 -> 165641.87 | D19: ='РПН по регионам'!C15 -> 822167 | E19: =D19/C19 -> 4.9635215 | F19: =ROUND(1+$F$3*$F$4/E19,4) -> 2.3345 | G19: =IF(LEFT(A19,5)="город",1,MIN(F19,2)) -> 2 | H19: 1.5823 | I19: =G19-H19 -> 0.4177
A20: Павлодарская область | B20: =SUMIFS('Площадь МСХ'!$C:$C,'Площадь МСХ'!$A:$A,"Павлодар қаласы") -> 12464.594 | C20: =B20*10 -> 124645.94 | D20: ='РПН по регионам'!C16 -> 645417 | E20: =D20/C20 -> 5.1780027 | F20: =ROUND(1+$F$3*$F$4/E20,4) -> 2.2792 | G20: =IF(LEFT(A20,5)="город",1,MIN(F20,2)) -> 2 | H20: 1.449 | I20: =G20-H20 -> 0.551
A21: Северо-Казахстанская область | B21: =SUMIFS('Площадь МСХ'!$C:$C,'Площадь МСХ'!$A:$A,"Солтүстік Қазақстан облысы") -> 9799.269 | C21: =B21*10 -> 97992.69 | D21: ='РПН по регионам'!C17 -> 525153 | E21: =D21/C21 -> 5.3591038 | F21: =ROUND(1+$F$3*$F$4/E21,4) -> 2.236 | G21: =IF(LEFT(A21,5)="город",1,MIN(F21,2)) -> 2 | H21: 1.4994 | I21: =G21-H21 -> 0.5006
A22: Туркестанская область | B22: =SUMIFS('Площадь МСХ'!$C:$C,'Площадь МСХ'!$A:$A,"Түркістан облысы") -> 11609.438 | C22: =B22*10 -> 116094.38 | D22: ='РПН по регионам'!C18 -> 2075837 | E22: =D22/C22 -> 17.880599 | F22: =ROUND(1+$F$3*$F$4/E22,4) -> 1.3704 | G22: =IF(LEFT(A22,5)="город",1,MIN(F22,2)) -> 1.3704 | H22: 1.1483 | I22: =G22-H22 -> 0.2221
A23: Улытауская область | B23: =SUMIFS('Площадь МСХ'!$C:$C,'Площадь МСХ'!$A:$A,"Ұлытау облысы") -> 18893.564 | C23: =B23*10 -> 188935.64 | D23: ='РПН по регионам'!C19 -> 213094 | E23: =D23/C23 -> 1.1278656 | F23: =ROUND(1+$F$3*$F$4/E23,4) -> 6.8729 | G23: =IF(LEFT(A23,5)="город",1,MIN(F23,2)) -> 2 | H23: 2 | I23: =G23-H23 -> 0
A24: Восточно-Казахстанская область | B24: =SUMIFS('Площадь МСХ'!$C:$C,'Площадь МСХ'!$A:$A,"Шығыс Қазақстан облысы") -> 9785.85 | C24: =B24*10 -> 97858.5 | D24: ='РПН по регионам'!C20 -> 719080 | E24: =D24/C24 -> 7.3481609 | F24: =ROUND(1+$F$3*$F$4/E24,4) -> 1.9014 | G24: =IF(LEFT(A24,5)="город",1,MIN(F24,2)) -> 1.9014 | H24: 1.4021 | I24: =G24-H24 -> 0.4993
A25: город Шымкент | B25: =SUMIFS('Площадь МСХ'!$C:$C,'Площадь МСХ'!$A:$A,"Шымкент қаласы") -> 116.3 | C25: =B25*10 -> 1163 | D25: ='РПН по регионам'!C21 -> 1283503 | E25: =D25/C25 -> 1103.6139 | F25: =ROUND(1+$F$3*$F$4/E25,4) -> 1.006 | G25: =IF(LEFT(A25,5)="город",1,MIN(F25,2)) -> 1 | H25: 1 | I25: =G25-H25 -> 0
A26: город Алматы | B26: =SUMIFS('Площадь МСХ'!$C:$C,'Площадь МСХ'!$A:$A,"Алматы қаласы") -> 68.3 | C26: =B26*10 -> 683 | D26: ='РПН по регионам'!C22 -> 2374520 | E26: =D26/C26 -> 3476.6032 | F26: =ROUND(1+$F$3*$F$4/E26,4) -> 1.0019 | G26: =IF(LEFT(A26,5)="город",1,MIN(F26,2)) -> 1 | H26: 1 | I26: =G26-H26 -> 0
A27: город Астана | B27: =SUMIFS('Площадь МСХ'!$C:$C,'Площадь МСХ'!$A:$A,"Астана қаласы") -> 79.7 | C27: =B27*10 -> 797 | D27: ='РПН по регионам'!C23 -> 1682319 | E27: =D27/C27 -> 2110.8143 | F27: =ROUND(1+$F$3*$F$4/E27,4) -> 1.0031 | G27: =IF(LEFT(A27,5)="город",1,MIN(F27,2)) -> 1 | H27: 1 | I27: =G27-H27 -> 0
A29: Кплотн по приказу № 309 для СМП: рассчитывается по области; для городов республиканского значения и столицы равен 1,0; расчётный коэффициент выше 2 принимается равным 2. Вес В рассчитывается без городов республиканского значения и столицы (строки 8–24), как и для ПМСП.

Sheet Моделирование СМП
A1: Потребность СМП на коэффициент плотности населения, тыс. тенге в год
A2: Подушевой норматив СМП, тенге на 1 прикреплённого в месяц | F2: 362.76
A3: Количество месяцев | F3: 12
A4: Расходы = Ч (РПН на 01.08.2026) × 12 × ПН СМП × Кплотн / 1000; другие поправочные коэффициенты не применяются
A6: Регион | B6: Прикреплённое население РПН на 01.08.2026, чел. | C6: Кплотн по приказу № 170 | D6: Кплотн по приказу № 309 | E6: Расходы при Кплотн по приказу № 170 | F6: Расходы при Кплотн по приказу № 309 | G6: Потребность | H6: %
A7: Итого по РК | B7: =SUM(B8:B27) -> 20477854 | C7: =SUMPRODUCT(B8:B27,C8:C27)/B7 -> 1.3435114 | D7: =SUMPRODUCT(B8:B27,D8:D27)/B7 -> 1.6121231 | E7: =SUM(E8:E27) -> 1.1976404e+08 | F7: =SUM(F8:F27) -> 1.4370877e+08 | G7: =SUM(G8:G27) -> 23944729 | H7: =IFERROR(G7/E7,0) -> 0.19993254
A8: ='Расчет Кплотн СМП'!A8 -> Абайская область | B8: ='РПН по регионам'!D4 -> 610366 | C8: ='Расчет Кплотн СМП'!H8 -> 1.7274 | D8: ='Расчет Кплотн СМП'!G8 -> 2 | E8: =B8*$F$3*$F$2*C8/1000 -> 4589695.7 | F8: =B8*$F$3*$F$2*D8/1000 -> 5313992.9 | G8: =F8-E8 -> 724297.23 | H8: =IFERROR(G8/E8,0) -> 0.15780942
A9: ='Расчет Кплотн СМП'!A9 -> Акмолинская область | B9: ='РПН по регионам'!D5 -> 773511 | C9: ='Расчет Кплотн СМП'!H9 -> 1.5034 | D9: ='Расчет Кплотн СМП'!G9 -> 2 | E9: =B9*$F$3*$F$2*C9/1000 -> 5062227.7 | F9: =B9*$F$3*$F$2*D9/1000 -> 6734372.4 | G9: =F9-E9 -> 1672144.7 | H9: =IFERROR(G9/E9,0) -> 0.33031795
A10: ='Расчет Кплотн СМП'!A10 -> Актюбинская область | B10: ='РПН по регионам'!D6 -> 937248 | C10: ='Расчет Кплотн СМП'!H10 -> 1.8715 | D10: ='Расчет Кплотн СМП'!G10 -> 2 | E10: =B10*$F$3*$F$2*C10/1000 -> 7635632.1 | F10: =B10*$F$3*$F$2*D10/1000 -> 8159906 | G10: =F10-E10 -> 524273.96 | H10: =IFERROR(G10/E10,0) -> 0.068661501
A11: ='Расчет Кплотн СМП'!A11 -> Алматинская область | B11: ='РПН по регионам'!D7 -> 1649754 | C11: ='Расчет Кплотн СМП'!H11 -> 1.1886 | D11: ='Расчет Кплотн СМП'!G11 -> 1.4267 | E11: =B11*$F$3*$F$2*C11/1000 -> 8536022.6 | F11: =B11*$F$3*$F$2*D11/1000 -> 10245956 | G11: =F11-E11 -> 1709933.5 | H11: =IFERROR(G11/E11,0) -> 0.2003197
A12: ='Расчет Кплотн СМП'!A12 -> Атырауская область | B12: ='РПН по регионам'!D8 -> 707248 | C12: ='Расчет Кплотн СМП'!H12 -> 1.4619 | D12: ='Расчет Кплотн СМП'!G12 -> 2 | E12: =B12*$F$3*$F$2*C12/1000 -> 4500803.3 | F12: =B12*$F$3*$F$2*D12/1000 -> 6157470.8 | G12: =F12-E12 -> 1656667.5 | H12: =IFERROR(G12/E12,0) -> 0.36808263
A13: ='Расчет Кплотн СМП'!A13 -> Западно-Казахстанская область | B13: ='РПН по регионам'!D9 -> 687556 | C13: ='Расчет Кплотн СМП'!H13 -> 1.5961 | D13: ='Расчет Кплотн СМП'!G13 -> 2 | E13: =B13*$F$3*$F$2*C13/1000 -> 4777149.3 | F13: =B13*$F$3*$F$2*D13/1000 -> 5986027.5 | G13: =F13-E13 -> 1208878.3 | H13: =IFERROR(G13/E13,0) -> 0.25305432
A14: ='Расчет Кплотн СМП'!A14 -> Жамбылская область | B14: ='РПН по регионам'!D10 -> 1174485 | C14: ='Расчет Кплотн СМП'!H14 -> 1.3212 | D14: ='Расчет Кплотн СМП'!G14 -> 1.8157 | E14: =B14*$F$3*$F$2*C14/1000 -> 6754865.1 | F14: =B14*$F$3*$F$2*D14/1000 -> 9283082.4 | G14: =F14-E14 -> 2528217.4 | H14: =IFERROR(G14/E14,0) -> 0.37428096
A15: ='Расчет Кплотн СМП'!A15 -> Жетысуская область | B15: ='РПН по регионам'!D11 -> 653811 | C15: ='Расчет Кплотн СМП'!H15 -> 1.4611 | D15: ='Расчет Кплотн СМП'!G15 -> 2 | E15: =B15*$F$3*$F$2*C15/1000 -> 4158462.6 | F15: =B15*$F$3*$F$2*D15/1000 -> 5692235.5 | G15: =F15-E15 -> 1533772.9 | H15: =IFERROR(G15/E15,0) -> 0.3688317
A16: ='Расчет Кплотн СМП'!A16 -> Карагандинская область | B16: ='РПН по регионам'!D12 -> 1181097 | C16: ='Расчет Кплотн СМП'!H16 -> 1.5721 | D16: ='Расчет Кплотн СМП'!G16 -> 2 | E16: =B16*$F$3*$F$2*C16/1000 -> 8082884.5 | F16: =B16*$F$3*$F$2*D16/1000 -> 10282914 | G16: =F16-E16 -> 2200029.4 | H16: =IFERROR(G16/E16,0) -> 0.2721837
A17: ='Расчет Кплотн СМП'!A17 -> Костанайская область | B17: ='РПН по регионам'!D13 -> 776501 | C17: ='Расчет Кплотн СМП'!H17 -> 1.6402 | D17: ='Расчет Кплотн СМП'!G17 -> 2 | E17: =B17*$F$3*$F$2*C17/1000 -> 5544207.4 | F17: =B17*$F$3*$F$2*D17/1000 -> 6760404.1 | G17: =F17-E17 -> 1216196.7 | H17: =IFERROR(G17/E17,0) -> 0.21936349
A18: ='Расчет Кплотн СМП'!A18 -> Кызылординская область | B18: ='РПН по регионам'!D14 -> 821538 | C18: ='Расчет Кплотн СМП'!H18 -> 1.7272 | D18: ='Расчет Кплотн СМП'!G18 -> 2 | E18: =B18*$F$3*$F$2*C18/1000 -> 6176905 | F18: =B18*$F$3*$F$2*D18/1000 -> 7152507 | G18: =F18-E18 -> 975601.95 | H18: =IFERROR(G18/E18,0) -> 0.15794349
A19: ='Расчет Кплотн СМП'!A19 -> Мангистауская область | B19: ='РПН по регионам'!D15 -> 831774 | C19: ='Расчет Кплотн СМП'!H19 -> 1.5823 | D19: ='Расчет Кплотн СМП'!G19 -> 2 | E19: =B19*$F$3*$F$2*C19/1000 -> 5729210.9 | F19: =B19*$F$3*$F$2*D19/1000 -> 7241624.1 | G19: =F19-E19 -> 1512413.2 | H19: =IFERROR(G19/E19,0) -> 0.26398281
... A27: ='Расчет Кплотн СМП'!A27 -> город Астана | B27: ='РПН по регионам'!D23 -> 1700015 | C27: ='Расчет Кплотн СМП'!H27 -> 1 | D27: ='Расчет Кплотн СМП'!G27 -> 1 | E27: =B27*$F$3*$F$2*C27/1000 -> 7400369.3 | F27: =B27*$F$3*$F$2*D27/1000 -> 7400369.3 | G27: =F27-E27 -> 0 | H27: =IFERROR(G27/E27,0) -> 0

Sheet Площадь МСХ
A1: Площадь районов и городов на 01.01.2026 (ответ МСХ РК), тыс. га
A3: Регион (МСХ) | B3: Район | C3: Площадь, тыс. га
A4: Абай облысы | B4: Абайский | C4: 2009.391
A5: Абай облысы | B5: Аксуатский | C5: 1356.19
A6: Абай облысы | B6: Аягозский | C6: 4958.803
A7: Абай облысы | B7: Бескарагайский | C7: 1137.3767
A8: Абай облысы | B8: Бородулихинский | C8: 698.992
A9: Абай облысы | B9: район Жаңасемей | C9: 2754.401
A10: Абай облысы | B10: Жарминский | C10: 2340.38
A11: Абай облысы | B11: Кокпектинский | C11: 909.936
A12: Абай облысы | B12: район Мақаншы | C12: 1137.466
A13: Абай облысы | B13: Урджарский | C13: 1203.906
A14: Абай облысы | B14: г.Курчатов | C14: 11.000003
A15: Абай облысы | B15: г.Семей | C15: 29.8213
... A214: Шымкент қаласы | B214: г.Шымкент | C214: 116.3
B215: Итого | C215: =SUM(C4:C214) -> 272491

Sheet РПН по регионам
A1: Прикреплённое население по регионам, ЦС «РПН»
A3: Регион | B3: Область (в РПН) | C3: На 01.01.2026, чел. | D3: На 01.08.2026, чел.
A4: Абайская область | B4: АБАЙ | C4: 612697 | D4: 610366
A5: Акмолинская область | B5: АКМОЛИНСКАЯ | C5: 759909 | D5: 773511
A6: Актюбинская область | B6: АКТЮБИНСКАЯ | C6: 932844 | D6: 937248
A7: Алматинская область | B7: АЛМАТИНСКАЯ | C7: 1631443 | D7: 1649754
A8: Атырауская область | B8: АТЫРАУСКАЯ | C8: 705806 | D8: 707248
A9: Западно-Казахстанская область | B9: ЗАПАДНО-КАЗАХСТАНСКАЯ | C9: 691973 | D9: 687556
A10: Жамбылская область | B10: ЖАМБЫЛСКАЯ | C10: 1171622 | D10: 1174485
A11: Жетысуская область | B11: ЖЕТІСУ | C11: 651691 | D11: 653811
A12: Карагандинская область | B12: КАРАГАНДИНСКАЯ | C12: 1191836 | D12: 1181097
A13: Костанайская область | B13: КОСТАНАЙСКАЯ | C13: 782371 | D13: 776501
A14: Кызылординская область | B14: КЫЗЫЛОРДИНСКАЯ | C14: 811837 | D14: 821538
A15: Мангистауская область | B15: МАНГИСТАУСКАЯ | C15: 822167 | D15: 831774
... A23: город Астана | B23: АСТАНА | C23: 1682319 | D23: 1700015
A24: Итого по РК | C24: =SUM(C4:C23) -> 20285119 | D24: =SUM(D4:D23) -> 20477854
A26: Источник: ЦС «РПН» – выгрузки на 01.01.2026 и на 01.08.2026 с БИН и КАТО (от 04.10.2026), сумма по области прикрепления.
